date,mcdi_plot_id,scan_subplot,stem_tag,base_stem_tag,distance_m,direction_deg,x_canopy_dim_m,y_canopy_dim_m,notes,dbh_cm,height_tree_m,species_local
24/02/2020,W18,S1,N44A,N44A,2.4,81,4.7,4.7,diameter from circumference tape,8.721690881,6.6,Mgonogo
24/02/2020,W18,S1,N45,N45,4.9,81,5.9,8.2,diameter from circumference tape,14.38760686,4.8,Mtomoni
24/02/2020,W18,S1,N46,N45,4.9,118,5.9,8.2,diameter from circumference tape,11.77746579,4.8,Mtomoni
24/02/2020,W18,S1,N48,N48,8.9,161,5.3,5.2,diameter from circumference tape,9.008169779,4.9,Mtomoni
24/02/2020,W18,S1,N44,N44,4,242,3.3,2.5,diameter from circumference tape,15.97915629,2.5,Mtomoni
24/02/2020,W18,S1,N39,N39,5.2,310,10.2,5.8,diameter from circumference tape,14.99239564,4.8,Mtomoni
24/02/2020,W18,S1,N38,N39,5.2,310,10.2,5.8,diameter from circumference tape,12.0321137,4.8,Mtomoni
24/02/2020,W18,S1,N40,N39,5.2,310,10.2,5.8,diameter from circumference tape,13.75098708,4.7,Mtomoni
24/02/2020,W18,S1,N31,N31,10.3,312,13.1,12.8,diameter from circumference tape,13.46450819,21.8,Mtondolo
24/02/2020,W18,S2,P76,P76,4.2,50,4.8,4.7,diameter from circumference tape,15.31070553,7,Myombo
24/02/2020,W18,S2,P81,P81,7.2,189,6.5,8.8,diameter from circumference tape,13.1461983,6.6,Mtomoni
24/02/2020,W18,S2,P83,P81,7.2,189,6.5,8.8,diameter from circumference tape,11.20450799,6.6,Mtomoni
24/02/2020,W18,S2,P84,P81,7.2,189,6.5,8.8,diameter from circumference tape,7.989578143,6.6,Mtomoni
24/02/2020,W18,S2,P82,P81,7.2,189,6.5,8.8,diameter from circumference tape,16.87042397,6.6,Mtomoni
24/02/2020,W18,S2,P63,P63,2.2,260,4,4.1,diameter from circumference tape,8.626197916,3.2,Mtomoni
24/02/2020,W18,S2,P64,P63,2.2,260,4,4.1,diameter from circumference tape,7.671268257,3.2,Mtomoni
24/02/2020,W18,S2,P65,P63,2.2,260,4,4.1,diameter from circumference tape,7.384789359,3.2,Mtomoni
24/02/2020,W18,S2,P69,P69,5.4,336,4.8,2.5,diameter from circumference tape,8.97633879,5.4,Mtomoni
24/02/2020,W18,S3,Q94,Q94,6.1,18,11.4,8.5,diameter from circumference tape,36.98760877,12.2,Mnindila
24/02/2020,W18,S3,Q91,Q91,6.7,25,3.3,3.5,diameter from circumference tape,6.366197724,3,Mtomoni
24/02/2020,W18,S3,Q92,Q91,6.7,25,3.3,3.5,diameter from circumference tape,6.079718826,3,Mtomoni
24/02/2020,W18,S3,Q41,Q41,13,235,27,13.3,diameter from circumference tape,37.56056657,19.4,Mtondo
24/02/2020,W18,S4,R18,R18,6.9,40,8.7,7.1,diameter from circumference tape,22.98197378,15.8,Myombo
24/02/2020,W18,S4,R19,R19,5.6,91,18.3,17.4,diameter from circumference tape,4.870141259,16.8,Myombo
24/02/2020,W18,S4,Q80,Q80,5.7,208,3.5,3.2,diameter from circumference tape,12.66873347,3.6,Mnakapweo
24/02/2020,W18,S4,Q82,Q82,4.8,282,3.1,3.3,diameter from circumference tape,22.53633994,6.8,Mda
24/02/2020,W18,S4,Q51,Q51,7.6,295,18.5,16,diameter from circumference tape,50.6112719,19.2,Mtondolo
24/02/2020,W18,S5,P53,P53,2.8,2,3.1,4.2,diameter from circumference tape,9.199155711,6.8,Mgonogo
24/02/2020,W18,S5,P90,P90,5.7,34,12.3,11.5,diameter from circumference tape,39.56591885,12.6,Myombo
24/02/2020,W18,S5,P92,P92,4.9,152,2.3,0.9,diameter from circumference tape,9.67662054,16.4,Mda
24/02/2020,W18,S5,P50,P50,2.9,262,2,5.2,diameter from circumference tape,8.562535938,2.6,Mgonogo
24/02/2020,W18,S5,P55,P55,1.6,338,2,1.9,diameter from circumference tape,9.803944494,5.8,Mda
24/02/2020,W18,S5,P58,P58,5,339,17,14,diameter from circumference tape,63.88479416,16.1,Myombo
24/02/2020,W18,S6,N60,N60,2.8,330,4.2,2.4,diameter from circumference tape,10.15408537,2.4,Mtomoni
24/02/2020,W18,S6,N20,N20,7.8,320,12.4,11.4,diameter from circumference tape,43.57662342,12.2,Myombo
24/02/2020,W18,S6,N17,N17,7.8,242,7.3,5.7,diameter from circumference tape,13.36901522,4.4,Mtomoni
24/02/2020,W18,S6,N61,N61,4,220,2.7,3.5,diameter from circumference tape,8.626197916,15.2,Mtomoni
24/02/2020,W18,S7,N66,N66,3.1,62,5.2,7.1,diameter from circumference tape,17.18873385,6,Mtomoni
24/02/2020,W18,S7,N67,N66,3.1,62,5.2,7.1,diameter from circumference tape,7.894085177,6,Mtomoni
24/02/2020,W18,S7,N65A,N65A,4.9,18,3.1,1.8,diameter from circumference tape,6.143380803,3.2,Mtomoni
24/02/2020,W18,S7,N65,N65,5.1,16,4.2,2.7,diameter from circumference tape,16.04281826,11.8,Mgwaya
24/02/2020,W18,S7,N71,N71,4.2,162,4.3,4,diameter from circumference tape,14.38760686,5.2,Mtomoni
24/02/2020,W18,S7,N80A,N80,2,130,4,4.3,diameter from circumference tape,9.835775483,6,Mgonogo
24/02/2020,W18,S7,N80,N80,2,130,4,4.3,diameter from circumference tape,16.17014222,6,Mgonogo
24/02/2020,W18,S8,P44,P44,6,340,4.8,5.4,diameter from circumference tape,8.880845825,4,Mtomoni
24/02/2020,W18,S8,P45,P44,6,340,4.8,5.4,diameter from circumference tape,8.849014836,4,Mtomoni
24/02/2020,W18,S8,P43,P44,6,340,4.8,5.4,diameter from circumference tape,6.398028712,4,Mtomoni
24/02/2020,W18,S8,P42,P44,6,340,4.8,5.4,diameter from circumference tape,10.56788822,4,Mtomoni
24/02/2020,W18,S9,R44,R44,4.9,62,7.1,8.3,diameter from circumference tape,21.10394545,8.4,Msolo
24/02/2020,W18,S9,Q66,Q66,6.3,140,3.1,13.4,diameter from circumference tape,9.612958563,3.4,Mnakapweo
24/02/2020,W18,S9,Q69,Q69,3.9,290,5.5,5.6,diameter from circumference tape,6.843662553,4,Mtomoni
24/02/2020,W18,S9,Q68,Q69,3.9,290,5.5,5.6,diameter from circumference tape,8.785352859,4,Mtomoni
24/02/2020,W18,S9,Q67,Q69,3.9,290,5.5,5.6,diameter from circumference tape,7.639437268,4,Mtomoni
25/02/2020,S7,S2,Y99B,Y99,5.2,,2.5,2.3,,6.4,4,Mwlele
25/02/2020,S7,S2,Y98A,Y98,4.5,,2.6,3.1,,5.4,1.4,Mnyenye
25/02/2020,S7,S2,Z11,Z11,3.3,,2,1.8,,7.4,1.2,Mnyenye
25/02/2020,S7,S2,Z35,Z35,8.2,,8.2,7.9,,14.1,4.6,Mtuyo
25/02/2020,S7,S2,Z36,Z35,8.2,,8.2,7.9,,18.7,4.6,Mtuyo
25/02/2020,S7,S2,Z8A,Z35,8.2,,8.2,7.9,,8.9,4.6,Mtuyo
25/02/2020,S7,S3,Z94,Z94,3.2,,4.1,1.4,,10.3,4.6,Mbula
25/02/2020,S7,S3,Z93,Z93,3.4,,1.8,2.2,,8.4,3.8,Mgonogo
25/02/2020,S7,S3,Z92,Z92,2.2,,2.1,1.9,,6.9,3.4,Mgonogo
25/02/2020,S7,S3,Z91,Z91,2.9,,4.7,4.7,,9.6,4.6,Mnakapweo
25/02/2020,S7,S3,Z89,Z91,2.9,,4.7,4.7,,15,4.6,Mnakapweo
25/02/2020,S7,S3,Z90,Z91,2.9,,4.7,4.7,,16.7,4.6,Mnakapweo
25/02/2020,S7,S4,Z80,Z80,1.2,,3.4,4.5,,8,3.6,Mnyenye
25/02/2020,S7,S4,Z79,Z80,1.2,,3.4,4.5,,6.9,3.6,Mnyenye
25/02/2020,S7,S4,Z79A,Z80,1.2,,3.4,4.5,,5.9,3.6,Mnyenye
25/02/2020,S7,S4,Z75,Z75,2.2,,2.4,2.7,,5.8,2.6,Mnyenye
25/02/2020,S7,S4,Z76A,Z76,2.2,,3.7,4.8,,8.1,3,Mbula
25/02/2020,S7,S4,Z76,Z76,2.2,,3.7,4.8,,10.6,3,Mbula
25/02/2020,S7,S4,Z78,Z78,2.2,,2.8,4.3,,8.1,3.8,Mgonogo
25/02/2020,S7,S4,Z81,Z81,4.7,,2.8,2.6,,7.1,2.6,Mgonogo
25/02/2020,S7,S4,Z81A,Z81,4.7,,2.8,2.6,,6.1,2.6,Mgonogo
25/02/2020,S7,S5,Z14,Z14,4.6,,2.5,2.9,,7.2,3.4,Mgonogo
25/02/2020,S7,S5,Z16,Z14,4.6,,2.5,2.9,,5.8,3.4,Mgonogo
25/02/2020,S7,S5,Z14A,Z14,6.7,,3.7,3.4,,6.2,3,Mnyenye
25/02/2020,S7,S7,Y43,Y43,3.6,,4.3,4.9,,7.1,3.6,Mchepareboyre
25/02/2020,S7,S7,Y42,Y43,3.6,,4.3,4.9,,12.1,3.6,Mchepareboyre
25/02/2020,S7,S7,Y44,Y44,5.6,,7.8,7.4,,22.7,7,Msakala
25/02/2020,S7,S9,Z66A,Z66A,4.8,,1.1,1.4,,5.6,3.2,Mgonogo
28/02/2020,W26,S1,X16,X16,5.7,,6.2,5.8,,23.6,7.8,Kimbiti
28/02/2020,W26,S1,X04,X04,10.2,,18.5,16.7,,50.2,8.4,Mningajangwa
28/02/2020,W26,S1,X21,X21,2.4,,17.2,11.9,,38.7,12.6,Mpangapanga
28/02/2020,W26,S1,X22,X21,2.4,,17.2,11.9,,20.3,12.6,Mpangapanga
28/02/2020,W26,S1,X23,X21,2.4,,17.2,11.9,check tag,21,12.6,Mpangapanga
28/02/2020,W26,S1,X19,X19,2.1,,5.8,5.4,,16,5.4,Mnindila
28/02/2020,W26,S1,X19A,X19,2.1,,5.8,5.4,leaning,8.7,5.4,Mnindila
28/02/2020,W26,S2,A92,A92,1.6,,5.6,8.7,,28.6,7.2,Mnindila
28/02/2020,W26,S2,A94,A94,3.4,,3.7,4.6,,6.9,4.8,Mtomoni
28/02/2020,W26,S2,B2,B2,6.5,,2.7,6.2,,7.3,5.6,Mtomoni
28/02/2020,W26,S2,B3,B2,6.5,,2.7,6.2,,12.6,5.6,Mtomoni
28/02/2020,W26,S2,B1,B1,6.7,,6,9.7,,23,10,Mningajangwa
28/02/2020,W26,S2,B44,B44,4.4,,4.2,4.7,,11.8,5.2,Mtomoni
28/02/2020,W26,S2,B45,B45,4.3,,3.9,4.5,,6.2,3,Mtomoni
28/02/2020,W26,S2,A49,A49,1,,2.6,7.7,,17.8,8.2,Msolo
28/02/2020,W26,S2,A50,A49,1,,2.6,7.7,,9.3,8.2,Msolo
28/02/2020,W26,S2,A51,A49,1,,18.5,7.7,,8.1,8.2,Msolo
28/02/2020,W26,S2,A52,A52,2.8,,4,4.9,,5.7,6,Mtomoni
28/02/2020,W26,S2,A53,A52,2.8,,4,4.9,,7.6,6,Mtomoni
28/02/2020,W26,S2,A54,A54,3.8,,5.7,4.3,,7.9,4.2,Mtomoni
28/02/2020,W26,S2,A90,A90,3.7,,3.3,4.6,,6.7,4.8,Mtomoni
28/02/2020,W26,S2,A84,A84,9.8,,14.7,16.2,,38.2,15.6,Mningajangwa
28/02/2020,W26,S2,A83,A84,9.8,,14.7,16.2,,9.8,15.6,Mningajangwa
28/02/2020,W26,S2,A85,A84,9.8,,14.7,16.2,,21.2,15.6,Mningajangwa
28/02/2020,W26,S3,D77,D77,3,,3.6,4,,8,6.8,Mfulugume
28/02/2020,W26,S3,D78,D77,3,,3.6,4,,10.7,6.8,Mfulugume
28/02/2020,W26,S3,D81,D81,4.2,,3.4,7.4,,14.6,10.6,Mlondondo
28/02/2020,W26,S3,D82,D81,4.2,,3.4,7.4,,10.2,10.6,Mlondondo
28/02/2020,W26,S3,D80,D80,6,,3.7,4.6,,8.5,6.8,Mtomoni
28/02/2020,W26,S3,D80A,D80,6,,3.7,4.6,,5.4,6.8,Mtomoni
28/02/2020,W26,S3,E06,E06,5.9,,7.6,5.8,,18.5,11.2,Mnindila
28/02/2020,W26,S3,D71,D71,1.2,,3.6,3,,9,5.4,Kimbiti
28/02/2020,W26,S3,D70B,D70B,2,,3.2,4.7,,6.9,5.4,Mnepa
28/02/2020,W26,S3,D70,D70,3.7,,9.1,7.8,,25.8,9.4,Mnyenye
28/02/2020,W26,S3,D70A,D70A,4.6,,3.8,3.5,,7.6,5.4,Kimbiti
28/02/2020,W26,S3,D68,D68,7.7,,8.5,10,,35.2,18,Muhungo
28/02/2020,W26,S3,D74,D74,3.1,,5,4.6,,8.3,3.5,Mtomoni
28/02/2020,W26,S3,D75,D74,3.1,,5,4.6,,6.8,3.5,Mtomoni
28/02/2020,W26,S3,D79,D79,3.8,,4.8,5.1,,13.1,16.6,Mgonogo
28/02/2020,W26,S3,D96,D96,12.2,,17.4,16.5,,51.3,20.2,Mchenga
28/02/2020,W26,S4,D49,D49,3.2,,5.8,7.8,,20.2,7,Mpolapola
28/02/2020,W26,S4,D48,D48,2,,4.6,4.8,,17.8,6.8,Mnungomo
28/02/2020,W26,S4,D47,D47,4.7,,9.4,9,,26.3,12,Msolo
28/02/2020,W26,S4,D44,D44,5.6,,4.7,6,,10.4,7,Mtomoni
28/02/2020,W26,S4,D45,D45,3.2,,7.5,5.2,,19.1,7.4,Msolo
28/02/2020,W26,S4,D46,D46,1.7,,4.1,2.8,,8.8,4.6,Mnungomo
28/02/2020,W26,S4,?,?,9.6,,19.7,18.5,,50.1,15.2,Msolo
28/02/2020,W26,S5,B25,B25,3.2,,5.7,4.6,,13.3,5.8,Msolo
28/02/2020,W26,S5,B24,B24,2.8,,12.2,12.4,,34.7,15.8,Mpangapanga
28/02/2020,W26,S5,A22,A22,6.5,,6.9,10.7,,17.9,10,Mtete
28/02/2020,W26,S5,A23,A22,6.5,,6.9,10.7,,16,10,Mtete
28/02/2020,W26,S7,X87,X87,2.3,,18,3.4,check species,9,4.2,Mnungomo
28/02/2020,W26,S7,X84,X84,3.2,,6.1,5.2,,14.3,5.6,Mtomoni
28/02/2020,W26,S7,X85,X84,3.2,,6.1,5.2,,14,5.6,Mtomoni
28/02/2020,W26,S7,X83,X83,4.7,,6.8,8.7,,15.2,8.2,Mtete
28/02/2020,W26,S7,X90,X90,2,,2.5,2,,8.4,5.2,Mpugopugo
28/02/2020,W26,S7,X91,X91,4.4,,3.2,2.2,,8,3.4,Mnindila
28/02/2020,W26,S7,?,?,4.8,,8.4,7.5,,26.4,8,Mpwipwi
28/02/2020,W26,S7,X93,X93,3.9,,4.4,4,,14,8.8,Mpangapanga
28/02/2020,W26,S7,X93A,X93,3.9,,4.4,4,,8,8.8,Mpangapanga
28/02/2020,W26,S8,Z81,Z81,1.9,,4.7,5.3,,12.6,7.4,Msolo
28/02/2020,W26,S8,Z82,Z82,5,,7.5,9.3,,12.7,6.8,Mtete
28/02/2020,W26,S8,B40,B40,4.2,,3.3,4.2,,15.4,7,Msolo
28/02/2020,W26,S8,B43,B43,6,,4.9,6.2,,23.4,10.2,Msolo
28/02/2020,W26,S8,Z77,Z77,3.9,,5,4.4,,12.9,6,Msolo
28/02/2020,W26,S8,Z78,Z78,3.6,,5,4.3,,5.7,3.4,Mtomoni
28/02/2020,W26,S8,Z79,Z78,3.6,,5,4.3,,9.3,3.4,Mtomoni
28/02/2020,W26,S8,Z80,Z78,3.6,,5,4.3,,10.4,3.4,Mtomoni
28/02/2020,W26,S9,D28,D28,4.4,,5.5,3.7,,8.6,5,Mtomoni
28/02/2020,W26,S9,D28A,D28,4.4,,5.5,3.7,,7.9,5,Mtomoni
28/02/2020,W26,S9,D27,D27,7.3,,11.5,12.9,,72.9,10.4,Mningajangwa
28/02/2020,W26,S9,D26,D26,5.8,,5.6,5.6,,15.4,5.4,Msolo
28/02/2020,W26,S9,D30,D30,5.8,,7.6,5.3,,21,8.4,Mpwipwi
06/03/2020,S5,S1,R41,R41,2.2,,2.6,4,,7.2,2.8,Mtomoni
06/03/2020,S5,S1,R43,R43,6,,11.8,11.4,,32.9,11.4,Mkarate
06/03/2020,S5,S1,R39,R39,5.1,,4.7,6.3,,12.4,4.7,Mtomoni
06/03/2020,S5,S1,R33,R39,5.1,,4.7,6.3,,11.2,4.7,Mtomoni
06/03/2020,S5,S1,R34,R39,5.1,,4.7,6.3,,11.3,4.7,Mtomoni
06/03/2020,S5,S2,T92,T92,3.4,,1.3,1,,7,4.8,Mgonogo
06/03/2020,S5,S2,T93,T93,5.4,,5.5,3.6,,18.8,4,Mtomoni
06/03/2020,S5,S2,T94,T93,5.4,,5.5,3.6,,10.2,4,Mtomoni
06/03/2020,S5,S3,W50,W50,5,,5.4,4.6,,14.4,8.6,Mnindila
06/03/2020,S5,S3,W53,W53,5.2,,7.8,12.9,,13.2,4.6,Mpingi
06/03/2020,S5,S3,W51,W53,5.2,,7.8,12.9,,10.8,4.6,Mpingi
06/03/2020,S5,S3,W52,W53,5.2,,7.8,12.9,,9.6,4.6,Mpingi
06/03/2020,S5,S3,W58,W58,7.3,,11.2,12.6,,35.6,14.6,Mkarate
06/03/2020,S5,S3,W49,W49,3,,2.4,2.4,,6.2,3,Mtomoni
06/03/2020,S5,S4,W28,W28,2.3,,17.4,14.1,,7.6,7.4,Mjegere
06/03/2020,S5,S5,U24,U24,1.4,,6.3,6.1,,19.9,14.8,Mnindila
06/03/2020,S5,S5,U23,U23,3.2,,7.6,10.6,,31.1,13.8,Msolo
06/03/2020,S5,S5,U33,U33,7.5,,8.8,11.8,,34.8,7.8,Mgtunguya
06/03/2020,S5,S5,U31,U31,5.7,,14.8,4.4,,27.5,14,Mtondoro
06/03/2020,S5,S5,U30,U30,3.7,,13.9,12.7,,47.2,16.4,Mtondoro
06/03/2020,S5,S5,T72,T72,3.8,,10.3,8.2,,32.3,9.2,Mgulunguya
06/03/2020,S5,S5,T73,T73,2,,2.8,4.4,,17.4,9,Mnindila
06/03/2020,S5,S6,R73,R73,4.3,,5.7,5.7,,9,4.6,Mtomoni
06/03/2020,S5,S6,R74,R73,4.3,,5.7,5.7,,6.8,4.6,Mtomoni
06/03/2020,S5,S6,R75,R73,4.3,,5.7,5.7,,8,4.6,Mtomoni
06/03/2020,S5,S6,R76,R73,4.2,,5.7,5.7,,9.4,4.6,Mtomoni
06/03/2020,S5,S6,R66,R66,6.3,,4.4,6,,14,4.8,Mtomoni
06/03/2020,S5,S6,R64A,R66,6.3,,4.4,6,,6,4.8,Mtomoni
06/03/2020,S5,S6,R71,R71,5.2,,3.9,4.4,,11,3.5,Mtomoni
06/03/2020,S5,S6,R70,R71,5.2,,3.9,4.4,,6.6,3.5,Mtomoni
06/03/2020,S5,S7,R91,R91,5.2,,2.2,1.3,,7.9,3.4,Mtomoni
06/03/2020,S5,S7,R90,R90,5.2,,4.6,3.9,,25.5,12.6,Mnindila
06/03/2020,S5,S7,R89,R89,4.3,,3.8,5.2,,10.8,3.8,Mtomoni
06/03/2020,S5,S8,U70,U70,3.3,,3.6,3.6,,9.9,5,Mnakapweo
06/03/2020,S5,S8,U71,U71,5.7,,4.2,5.3,,26.2,6.7,Mnindila
06/03/2020,S5,S8,U73,U73,9.1,,9.8,12.1,,40.8,10.8,Mgulunguya
06/03/2020,S5,S8,U68,U68,5,,5.7,5.2,,13,8,Mnindila
06/03/2020,S5,S8,U69,U69,5,,3.8,2.7,,8.9,3.4,Mnungomo
06/03/2020,S5,S9,W01,W01,2.6,,9.1,6.2,,29.6,9.4,Mkarate
06/03/2020,S5,S9,W02,W02,2.6,,3,2.1,,12.3,5,Mnondoka
06/03/2020,S5,S9,W03,W03,4.6,,4,5.4,,14.7,9,Msolo
06/03/2020,S5,S9,W04,W04,5.8,,4.3,2.9,,7.3,4.6,Mpalapala
06/03/2020,S5,S9,W06,W06,6.6,,4.9,3,,8.9,5,Msolo
06/03/2020,S5,S9,W99,W99,4.6,,3.9,2.5,,9.9,8.7,Mngahanje
06/03/2020,S5,S9,V82,V82,5.8,,4,6.3,,16.8,7.8,Mgonogo
06/03/2020,S5,S9,V82B,V82,5.8,,4,6.3,,7.5,7.8,Mgonogo
06/03/2020,S5,S9,V82A,V82,5.8,,4,6.3,,7.2,7.8,Mgonogo
09/03/2020,W11,S1,G52A,G52A,5.2,,3,2.3,,6.8,4,Mnakapweo
09/03/2020,W11,S1,G53,G53,4.2,,5.2,4,,11.3,5.9,Kimbiti
09/03/2020,W11,S2,J29,J29,8,,19,20.6,,60.5,14.6,Mtondolo
09/03/2020,W11,S2,K33,K33,13,,15.5,18.7,,54.4,17,Myombo
09/03/2020,W11,S2,J47,J47,4.7,,3.3,5.4,,8.2,4,Mtomoni
09/03/2020,W11,S2,J47A,J47,4.7,,3.3,6.5,,5.9,4,Mtomoni
09/03/2020,W11,S2,J24,J24,8,,6.9,5.6,,28.9,15.6,Mkarate
09/03/2020,W11,S3,L26,L26,5.7,,7,2.4,,20.5,9.3,Mkokobara
09/03/2020,W11,S3,L44C,L44C,4.8,,2.4,2.1,,7.3,3.8,Mtomoni
09/03/2020,W11,S3,L31,L31,5.1,,2.1,4.8,,8.9,3.4,Mtomoni
09/03/2020,W11,S3,L53,L31,5.1,,2.1,4.8,,8.1,3.4,Mtomoni
09/03/2020,W11,S4,L14,L14,2.1,,4.3,3.5,,8.5,6.4,Msolo
09/03/2020,W11,S4,L15,L15,4.3,,5.5,6,,17.7,7.6,Mgonogo
09/03/2020,W11,S4,L48,L48,12.2,,10.9,10.4,,51.9,4.5,Mtondolo
09/03/2020,W11,S4,L12A,L12A,2.6,,2,2.6,,6,3,Mpalapala
09/03/2020,W11,S4,K64,K64,6.2,,8.9,6.3,,13.1,9,Mgonogo
09/03/2020,W11,S4,K65,K64,6.2,,8.9,6.3,,17.2,9,Mgonogo
09/03/2020,W11,S4,R19,R19,6,,13.5,18,,62.2,14.8,Myombo
09/03/2020,W11,S5,J13,J13,4.3,,6.8,8.5,,20.2,7.6,Msolo
09/03/2020,W11,S5,J11,J11,5.2,,5,3.6,,16.9,4.6,Msolo
09/03/2020,W11,S5,J12,J11,5.2,,5,3.6,,7.1,4.6,Msolo
09/03/2020,W11,S5,J60,J60,4.5,,5.2,6.3,,8.5,4.2,Mtomoni
09/03/2020,W11,S5,J61,J60,4.5,,5.2,6.3,,15.2,4.2,Mtomoni
09/03/2020,W11,S5,J62,J60,4.5,,5.2,6.3,,24,4.2,Mtomoni
09/03/2020,W11,S5,J58,J58,11.4,,18.4,20.4,,72.8,19.3,Myombo
09/03/2020,W11,S6,G66,G66,2.2,,2.7,1.8,,7.5,3.6,Mtomoni
09/03/2020,W11,S6,G64,G64,3.9,,1.4,2.5,,6,4,Mnakapweo
09/03/2020,W11,S6,G64A,G64,3.9,,1.4,2.5,,6,4,Mnakapweo
09/03/2020,W11,S6,H06,H06,4.7,,10.5,11.8,,42.7,18.6,Mkarate
09/03/2020,W11,S6,G70,G70,3,,3.7,2.5,,8.2,4.2,Mtomoni
09/03/2020,W11,S6,G74,G74,6,,4.5,5.4,,24,8.5,Mningajangwa
09/03/2020,W11,S6,G75,G74,6,,4.5,5.4,,9.5,8.5,Mningajangwa
09/03/2020,W11,S6,G76,G76,4.1,,3.5,4.5,Leaning heavily,13.3,3.2,Mningajangwa
09/03/2020,W11,S6,G71A,G71A,3.7,,5.6,6.2,,6.6,3,Mtomoni
09/03/2020,W11,S6,G57,G57,2.5,,3.1,1.4,,6.4,4.2,Mtomoni
09/03/2020,W11,S7,G10,G10,6.8,,9,6.6,,25.2,10.1,Msolo
09/03/2020,W11,S7,G83,G83,5.8,,9.5,9.4,,28.4,10.4,Msolo
09/03/2020,W11,S7,G92,G92,6.4,,6.2,2.2,,13.1,4.2,Mtomoni
09/03/2020,W11,S8,J84,J84,3,,12.7,12.9,,32,12.8,Mgambo
09/03/2020,W11,S8,J83,J84,3,,12.7,12.9,,23.3,12.8,Mgambo
09/03/2020,W11,S8,J85,J84,3,,12.7,12.9,,23.3,12.8,Mgambo
09/03/2020,W11,S8,J82,J82,3.4,,6.6,5.4,,7.6,7.2,Kimbiti
09/03/2020,W11,S8,J74,J74,7,,5.3,4.2,,8.1,3.6,Mtomoni
09/03/2020,W11,S8,J75,J74,7,,5.3,4.2,,9.7,3.6,Mtomoni
09/03/2020,W11,S8,H97,H97,9.2,,8.3,7,,20.7,10,Msolo
09/03/2020,W11,S8,J00,J00,11,,22,20.1,,61.4,17.2,Myombo
09/03/2020,W11,S8,A92,A92,5.1,,2.3,4,,7.1,3.9,Mtomoni
09/03/2020,W11,S8,H86,H86,5.3,,4.6,8.3,,19.4,7.9,Kimbiti
09/03/2020,W11,S8,H85,H86,5.3,,4.6,8.3,,10.3,7.9,Kimbiti
09/03/2020,W11,S9,K83,K83,6.8,,4.5,6.9,,20.9,8.4,Msolo
09/03/2020,W11,S9,K94,K94,9.2,,12.3,15.6,,53.4,16.3,Msolo
09/03/2020,W11,S9,K92,K92,1.7,,11.7,9,,33.7,12.4,Msolo
10/03/2020,S3,S1,E40,E40,2.4,,4.3,3.3,,10.3,4,Mchuweo
10/03/2020,S3,S1,E39,E40,2.4,,4.3,3.3,,7.3,4,Mchuweo
10/03/2020,S3,S1,E35A,E35A,5.1,,1.4,1.9,,6,3.5,Mtopetope
10/03/2020,S3,S1,E37,E37,3.2,,2.3,3.8,,7.2,3.4,Mtopetope
10/03/2020,S3,S2,D69,D69,4,,3.2,1.7,,15.9,3.6,Quebowba
10/03/2020,S3,S2,G69,G69,4,,2.8,2.8,,7,3.8,Mchuweo
10/03/2020,S3,S2,G58,G58,4.8,,5.4,5.5,,12.8,4.6,Mchuweo
10/03/2020,S3,S2,G68,G68,7.6,,5.6,2.8,,6.9,3.4,Kimbiti
10/03/2020,S3,S3,J67,J67,4,,7.2,5.8,,17.2,5.2,Mchuweo
10/03/2020,S3,S3,H75,H75,5.8,,5,3.3,,9.5,5,Mnyenye
10/03/2020,S3,S4,J44,J44,1.2,,2.5,2.8,,7.4,5.4,Kimbiti
10/03/2020,S3,S4,J45,J45,3.5,,6.4,7.2,,16.7,3.8,Mchuweo
10/03/2020,S3,S4,J45A,J45,3.5,,6.4,7.2,,6.8,3.8,Mchuweo
10/03/2020,S3,S4,J46,J46,3.7,,5,5.4,,15.1,5.2,Mchuweo
10/03/2020,S3,S4,J47,J47,5,,9.3,9.4,,17.7,4.6,Mchuweo
10/03/2020,S3,S4,J48,J47,5,,9.3,9.4,,20,4.6,Mchuweo
10/03/2020,S3,S5,G33,G33,6.8,,5.6,4.5,,15,4.4,Mchuweo
10/03/2020,S3,S5,G90A,G90A,4.2,,1.1,1.1,,6,4.8,Kimbiti
10/03/2020,S3,S6,E55,E55,2,,4.3,4.7,,14.2,5.2,Mchuweo
10/03/2020,S3,S6,E54,E54,5.3,,3.6,3.7,,11.6,4.1,Mchuweo
10/03/2020,S3,S7,E76,E76,1.1,,4.1,3.5,,12.6,6.2,Msekese
10/03/2020,S3,S7,E75,E76,1.1,,4.1,3.5,,12.5,6.2,Mchuweo
10/03/2020,S3,S7,E74,E74,3.6,,1.4,5,,5.6,4.2,Mchuweo
10/03/2020,S3,S8,G11,G11,1.5,,2.5,3,,9.7,4.2,Mchuweo
10/03/2020,S3,S8,H16,H16,5.2,,3.6,3.3,,8,3.2,Mchuweo
10/03/2020,S3,S8,H15,H16,5.2,,3.6,3.3,,6.8,3.2,Mchuweo
10/03/2020,S3,S8,H19,H19,2.9,,1.6,2.5,,7.7,3,Mtotolo
10/03/2020,S3,S8,G05,G05,2.4,,3.4,2,,8.8,4.5,Kimbiti
10/03/2020,S3,S8,G04,G04,4.2,,3.8,3.5,,9.9,4.4,Mchuweo
10/03/2020,S3,S8,G06,G06,3.8,,3.1,2.3,,13.3,3,Mtopetope
10/03/2020,S3,S8,G08,G08,4.2,,2.2,2.3,,8.8,4.6,Mchuweo
10/03/2020,S3,S9,J35,J35,1.6,,2.6,2.6,,7.6,2.6,Mchuweo
10/03/2020,S3,S9,J34,J34,1.5,,2.4,1.2,,6.7,4.8,Kimbiti
10/03/2020,S3,S9,J30,J30,5.5,,4.7,4.1,,14.4,5,Mchuweo
13/03/2020,W9,S1,R84,R84,1.2,,1.8,2.9,Check tag,13.1,7,Msolo
13/03/2020,W9,S1,R85,R85,3,,2,3.5,,13,8,Mchuweo
13/03/2020,W9,S1,R55,R55,6.3,,5.5,4.1,,15,6.1,Msolo
13/03/2020,W9,S1,R82,R82,3.5,,2.6,2.7,,9.5,5,Msolo
13/03/2020,W9,S2,T20,T20,2.4,,5.3,5.1,,31.8,9.8,Msolo
13/03/2020,W9,S2,T11,T11,8.2,,8.2,8.6,"Check tag, to west of subplot centre",24,7.2,Msolo
13/03/2020,W9,S2,T12,T12,6.4,,3.1,4.2,,11.1,6.4,Msolo
13/03/2020,W9,S3,U22,U22,10.1,,11,9.6,"Check tag, to east of subplot centre",27.1,10,Msolo
13/03/2020,W9,S4,U38,U38,8.8,,14.8,13.5,,15.1,14.8,Msolo
13/03/2020,W9,S4,U39,U38,8.8,,14.8,13.5,,38.6,14.8,Msolo
13/03/2020,W9,S4,U40,U38,8.8,,14.8,13.5,,37.4,14.8,Msolo
13/03/2020,W9,S6,S6,S6,0.8,,3.2,2.3,,12.3,7.6,Mchuweo
13/03/2020,W9,S6,S8,S8,2.4,,1.6,3.7,,17.4,6,Mpugopugo
13/03/2020,W9,S6,R50,R50,7.2,,6.4,8.3,,19.2,10.2,Mchuweo
13/03/2020,W9,S7,S41,S41,5.1,,3.8,4.6,,18.7,8.2,Mpugopugo
13/03/2020,W9,S7,S27,S27,2.4,,2.2,2.5,,8.6,4.6,Mgonogo
13/03/2020,W9,S7,S23,S23,0.8,,3.2,3.4,,7.1,2.8,Mjegere
13/03/2020,W9,S7,S24,S24,3.4,,12.2,11.6,,37.8,12.8,Mjegere
13/03/2020,W9,S7,S20,S20,10.5,,5.4,8.7,Dead branch means canopy dimensions smaller than expected for a tree this size,33,15.6,Mkarate
13/03/2020,W9,S7,R13,R13,5.1,,2.8,4.9,,11.8,8.4,Mchuweo
13/03/2020,W9,S8,S98,S98,4.8,,4,4.2,,17.3,10.8,Mjegere
13/03/2020,W9,S8,T00,S98,4.8,,4,4.2,,16.2,10.8,Mjegere
13/03/2020,W9,S8,S96,S96,6.4,,2.5,1.9,,7.8,9.7,Mpugopugo
13/03/2020,W9,S8,S97,S96,6.4,,2.5,1.9,,18.7,9.7,Mpugopugo
13/03/2020,W9,S9,G90A,G90A,6.4,,5.6,5.5,,20.3,10.4,Mjegere
13/03/2020,W9,S9,T95,T95,6.3,,2.2,3.4,,11.3,10.4,Mpugopugo