"plot_id","subplot","direction","dpm_height","sampled","date","dry_mass"
"ABG_1","S1","N",1,FALSE,"2019-02-24",NA
"ABG_1","S1","E",2,TRUE,"2019-02-24",9.57
"ABG_1","S1","S",2,FALSE,"2019-02-24",NA
"ABG_1","S1","W",1,FALSE,"2019-02-24",NA
"ABG_1","S2","N",3,FALSE,"2019-02-24",NA
"ABG_1","S2","E",1,TRUE,"2019-02-24",21.49
"ABG_1","S2","S",2,FALSE,"2019-02-24",NA
"ABG_1","S2","W",1,FALSE,"2019-02-24",NA
"ABG_1","S3","N",0,FALSE,"2019-02-24",NA
"ABG_1","S3","E",5,TRUE,"2019-02-24",25.2
"ABG_1","S3","S",6,FALSE,"2019-02-24",NA
"ABG_1","S3","W",0,FALSE,"2019-02-24",NA
"ABG_1","S4","N",1,FALSE,"2019-02-24",NA
"ABG_1","S4","E",0,FALSE,"2019-02-24",NA
"ABG_1","S4","S",1,FALSE,"2019-02-24",NA
"ABG_1","S4","W",1,FALSE,"2019-02-24",NA
"ABG_1","S5","N",0,TRUE,"2019-02-24",6.64
"ABG_1","S5","E",0,FALSE,"2019-02-24",NA
"ABG_1","S5","S",6,FALSE,"2019-02-24",NA
"ABG_1","S5","W",0,FALSE,"2019-02-24",NA
"ABG_1","S6","N",1,FALSE,"2019-02-24",NA
"ABG_1","S6","E",0,FALSE,"2019-02-24",NA
"ABG_1","S6","S",1,FALSE,"2019-02-24",NA
"ABG_1","S6","W",3,TRUE,"2019-02-24",35.19
"ABG_1","S7","N",4,FALSE,"2019-02-24",NA
"ABG_1","S7","E",1,FALSE,"2019-02-24",NA
"ABG_1","S7","S",1,FALSE,"2019-02-24",NA
"ABG_1","S7","W",3,FALSE,"2019-02-24",NA
"ABG_1","S8","N",2,FALSE,"2019-02-24",NA
"ABG_1","S8","E",0,FALSE,"2019-02-24",NA
"ABG_1","S8","S",1,FALSE,"2019-02-24",NA
"ABG_1","S8","W",1,FALSE,"2019-02-24",NA
"ABG_1","S9","N",3,FALSE,"2019-02-24",NA
"ABG_1","S9","E",1,FALSE,"2019-02-24",NA
"ABG_1","S9","S",1,TRUE,"2019-02-24",19.28
"ABG_1","S9","W",1,FALSE,"2019-02-24",NA
"ABG_2","S1","N",13,FALSE,"2019-03-08",NA
"ABG_2","S1","E",7,FALSE,"2019-03-08",NA
"ABG_2","S1","S",6,FALSE,"2019-03-08",NA
"ABG_2","S1","W",11,FALSE,"2019-03-08",NA
"ABG_2","S2","N",5,FALSE,"2019-03-08",NA
"ABG_2","S2","E",9,FALSE,"2019-03-08",NA
"ABG_2","S2","S",4,FALSE,"2019-03-08",NA
"ABG_2","S2","W",3,FALSE,"2019-03-08",NA
"ABG_2","S3","N",4,FALSE,"2019-03-08",NA
"ABG_2","S3","E",4,FALSE,"2019-03-08",NA
"ABG_2","S3","S",9,FALSE,"2019-03-08",NA
"ABG_2","S3","W",9,FALSE,"2019-03-08",NA
"ABG_2","S4","N",10,FALSE,"2019-03-08",NA
"ABG_2","S4","E",4,FALSE,"2019-03-08",NA
"ABG_2","S4","S",9,TRUE,"2019-03-08",27.5
"ABG_2","S4","W",3,TRUE,"2019-03-08",5.48
"ABG_2","S5","N",5,FALSE,"2019-03-08",NA
"ABG_2","S5","E",4,FALSE,"2019-03-08",NA
"ABG_2","S5","S",4,TRUE,"2019-03-08",30.67
"ABG_2","S5","W",7,FALSE,"2019-03-08",NA
"ABG_2","S6","N",7,FALSE,"2019-03-08",NA
"ABG_2","S6","E",9,FALSE,"2019-03-08",NA
"ABG_2","S6","S",25,FALSE,"2019-03-08",NA
"ABG_2","S6","W",4,FALSE,"2019-03-08",NA
"ABG_2","S7","N",6,TRUE,"2019-03-08",36.97
"ABG_2","S7","E",12,FALSE,"2019-03-08",NA
"ABG_2","S7","S",19,FALSE,"2019-03-08",NA
"ABG_2","S7","W",25,FALSE,"2019-03-08",NA
"ABG_2","S8","N",8,FALSE,"2019-03-08",NA
"ABG_2","S8","E",19,FALSE,"2019-03-08",NA
"ABG_2","S8","S",9,FALSE,"2019-03-08",NA
"ABG_2","S8","W",40,FALSE,"2019-03-08",NA
"ABG_2","S9","N",18,FALSE,"2019-03-08",NA
"ABG_2","S9","E",10,TRUE,"2019-03-08",80.32
"ABG_2","S9","S",7,FALSE,"2019-03-08",NA
"ABG_2","S9","W",25,TRUE,"2019-03-08",31.76
"ABG_3","S1","N",3,FALSE,"2019-03-09",NA
"ABG_3","S1","E",4,FALSE,"2019-03-09",NA
"ABG_3","S1","S",8,TRUE,"2019-03-09",15.17
"ABG_3","S1","W",4,FALSE,"2019-03-09",NA
"ABG_3","S2","N",2,TRUE,"2019-03-09",23.66
"ABG_3","S2","E",7,TRUE,"2019-03-09",54.66
"ABG_3","S2","S",6,FALSE,"2019-03-09",NA
"ABG_3","S2","W",4,FALSE,"2019-03-09",NA
"ABG_3","S3","N",4,FALSE,"2019-03-09",NA
"ABG_3","S3","E",4,FALSE,"2019-03-09",NA
"ABG_3","S3","S",3,FALSE,"2019-03-09",NA
"ABG_3","S3","W",3,FALSE,"2019-03-09",NA
"ABG_3","S4","N",2,FALSE,"2019-03-09",NA
"ABG_3","S4","E",4,FALSE,"2019-03-09",NA
"ABG_3","S4","S",2,FALSE,"2019-03-09",NA
"ABG_3","S4","W",3,FALSE,"2019-03-09",NA
"ABG_3","S5","N",4,FALSE,"2019-03-09",NA
"ABG_3","S5","E",8,FALSE,"2019-03-09",NA
"ABG_3","S5","S",8,FALSE,"2019-03-09",NA
"ABG_3","S5","W",17,FALSE,"2019-03-09",NA
"ABG_3","S6","N",9,TRUE,"2019-03-09",28.58
"ABG_3","S6","E",9,FALSE,"2019-03-09",NA
"ABG_3","S6","S",8,TRUE,"2019-03-09",56.18
"ABG_3","S6","W",9,FALSE,"2019-03-09",NA
"ABG_3","S7","N",9,FALSE,"2019-03-09",NA
"ABG_3","S7","E",7,FALSE,"2019-03-09",NA
"ABG_3","S7","S",7,FALSE,"2019-03-09",NA
"ABG_3","S7","W",4,FALSE,"2019-03-09",NA
"ABG_3","S8","N",7,FALSE,"2019-03-09",NA
"ABG_3","S8","E",12,FALSE,"2019-03-09",NA
"ABG_3","S8","S",4,TRUE,"2019-03-09",18.34
"ABG_3","S8","W",5,FALSE,"2019-03-09",NA
"ABG_3","S9","N",39,FALSE,"2019-03-09",NA
"ABG_3","S9","E",6,FALSE,"2019-03-09",NA
"ABG_3","S9","S",7,FALSE,"2019-03-09",NA
"ABG_3","S9","W",5,FALSE,"2019-03-09",NA
"ABG_4","S1","N",0,TRUE,"2019-03-10",0
"ABG_4","S1","E",49,FALSE,"2019-03-10",NA
"ABG_4","S1","S",0,FALSE,"2019-03-10",NA
"ABG_4","S1","W",9,FALSE,"2019-03-10",NA
"ABG_4","S2","N",8,FALSE,"2019-03-10",NA
"ABG_4","S2","E",3,FALSE,"2019-03-10",NA
"ABG_4","S2","S",1,FALSE,"2019-03-10",NA
"ABG_4","S2","W",3,FALSE,"2019-03-10",NA
"ABG_4","S3","N",3,TRUE,"2019-03-10",16.78
"ABG_4","S3","E",12,FALSE,"2019-03-10",NA
"ABG_4","S3","S",9,FALSE,"2019-03-10",NA
"ABG_4","S3","W",5,FALSE,"2019-03-10",NA
"ABG_4","S4","N",4,FALSE,"2019-03-10",NA
"ABG_4","S4","E",6,FALSE,"2019-03-10",NA
"ABG_4","S4","S",8,TRUE,"2019-03-10",48.15
"ABG_4","S4","W",4,TRUE,"2019-03-10",27.94
"ABG_4","S5","N",4,FALSE,"2019-03-10",NA
"ABG_4","S5","E",5,FALSE,"2019-03-10",NA
"ABG_4","S5","S",3,FALSE,"2019-03-10",NA
"ABG_4","S5","W",2,FALSE,"2019-03-10",NA
"ABG_4","S6","N",3,FALSE,"2019-03-10",NA
"ABG_4","S6","E",6,TRUE,"2019-03-10",40.86
"ABG_4","S6","S",2,FALSE,"2019-03-10",NA
"ABG_4","S6","W",4,FALSE,"2019-03-10",NA
"ABG_4","S7","N",4,TRUE,"2019-03-10",26.38
"ABG_4","S7","E",6,FALSE,"2019-03-10",NA
"ABG_4","S7","S",4,FALSE,"2019-03-10",NA
"ABG_4","S7","W",3,FALSE,"2019-03-10",NA
"ABG_4","S8","N",2,FALSE,"2019-03-10",NA
"ABG_4","S8","E",5,FALSE,"2019-03-10",NA
"ABG_4","S8","S",12,FALSE,"2019-03-10",NA
"ABG_4","S8","W",4,FALSE,"2019-03-10",NA
"ABG_4","S9","N",4,FALSE,"2019-03-10",NA
"ABG_4","S9","E",4,FALSE,"2019-03-10",NA
"ABG_4","S9","S",7,FALSE,"2019-03-10",NA
"ABG_4","S9","W",9,FALSE,"2019-03-10",NA
"ABG_5","S1","N",3,FALSE,"2019-02-15",NA
"ABG_5","S1","E",9,FALSE,"2019-02-15",NA
"ABG_5","S1","S",5.1,FALSE,"2019-02-15",NA
"ABG_5","S1","W",9.1,FALSE,"2019-02-15",NA
"ABG_5","S2","N",1,FALSE,"2019-02-15",NA
"ABG_5","S2","E",7,FALSE,"2019-02-15",NA
"ABG_5","S2","S",3,TRUE,"2019-02-15",4.81
"ABG_5","S2","W",5,FALSE,"2019-02-15",NA
"ABG_5","S3","N",2.8,FALSE,"2019-02-15",NA
"ABG_5","S3","E",5.4,FALSE,"2019-02-15",NA
"ABG_5","S3","S",2.2,FALSE,"2019-02-15",NA
"ABG_5","S3","W",2.8,FALSE,"2019-02-15",NA
"ABG_5","S4","N",2,FALSE,"2019-02-15",NA
"ABG_5","S4","E",6,FALSE,"2019-02-15",NA
"ABG_5","S4","S",3,FALSE,"2019-02-15",NA
"ABG_5","S4","W",3,FALSE,"2019-02-15",NA
"ABG_5","S5","N",0,FALSE,"2019-02-15",NA
"ABG_5","S5","E",4,FALSE,"2019-02-15",NA
"ABG_5","S5","S",1.8,TRUE,"2019-02-15",9.63
"ABG_5","S5","W",3.5,FALSE,"2019-02-15",NA
"ABG_5","S6","N",0,FALSE,"2019-02-15",NA
"ABG_5","S6","E",0.5,FALSE,"2019-02-15",NA
"ABG_5","S6","S",1,FALSE,"2019-02-15",NA
"ABG_5","S6","W",0,TRUE,"2019-02-15",40.04
"ABG_5","S7","N",0,FALSE,"2019-02-15",NA
"ABG_5","S7","E",1,FALSE,"2019-02-15",NA
"ABG_5","S7","S",4,TRUE,"2019-02-15",3.9
"ABG_5","S7","W",2,TRUE,"2019-02-15",5.27
"ABG_5","S8","N",2.1,FALSE,"2019-02-15",NA
"ABG_5","S8","E",0,FALSE,"2019-02-15",NA
"ABG_5","S8","S",4,TRUE,"2019-02-15",17.16
"ABG_5","S8","W",0,FALSE,"2019-02-15",NA
"ABG_5","S9","N",2,FALSE,"2019-02-15",NA
"ABG_5","S9","E",0,FALSE,"2019-02-15",NA
"ABG_5","S9","S",2,FALSE,"2019-02-15",NA
"ABG_5","S9","W",2.2,FALSE,"2019-02-15",NA
"ABG_6","S1","N",21,FALSE,"2019-02-17",NA
"ABG_6","S1","E",3,FALSE,"2019-02-17",NA
"ABG_6","S1","S",15,FALSE,"2019-02-17",NA
"ABG_6","S1","W",12.5,FALSE,"2019-02-17",NA
"ABG_6","S2","N",2,FALSE,"2019-02-17",NA
"ABG_6","S2","E",3,FALSE,"2019-02-17",NA
"ABG_6","S2","S",7,FALSE,"2019-02-17",NA
"ABG_6","S2","W",3,TRUE,"2019-02-17",0.7
"ABG_6","S3","N",10,FALSE,"2019-02-17",NA
"ABG_6","S3","E",1,FALSE,"2019-02-17",NA
"ABG_6","S3","S",6,FALSE,"2019-02-17",NA
"ABG_6","S3","W",2,FALSE,"2019-02-17",NA
"ABG_6","S4","N",14,TRUE,"2019-02-17",3.58
"ABG_6","S4","E",3,FALSE,"2019-02-17",NA
"ABG_6","S4","S",2,FALSE,"2019-02-17",NA
"ABG_6","S4","W",5,FALSE,"2019-02-17",NA
"ABG_6","S5","N",2,FALSE,"2019-02-17",NA
"ABG_6","S5","E",3,TRUE,"2019-02-17",20.1
"ABG_6","S5","S",5,FALSE,"2019-02-17",NA
"ABG_6","S5","W",1,FALSE,"2019-02-17",NA
"ABG_6","S6","N",8,FALSE,"2019-02-17",NA
"ABG_6","S6","E",10,FALSE,"2019-02-17",NA
"ABG_6","S6","S",2,FALSE,"2019-02-17",NA
"ABG_6","S6","W",2,TRUE,"2019-02-17",0
"ABG_6","S7","N",8,FALSE,"2019-02-17",NA
"ABG_6","S7","E",5,TRUE,"2019-02-17",11.81
"ABG_6","S7","S",10,TRUE,"2019-02-17",5.05
"ABG_6","S7","W",8,FALSE,"2019-02-17",NA
"ABG_6","S8","N",1,FALSE,"2019-02-17",NA
"ABG_6","S8","E",1,FALSE,"2019-02-17",NA
"ABG_6","S8","S",2,FALSE,"2019-02-17",NA
"ABG_6","S8","W",1,FALSE,"2019-02-17",NA
"ABG_6","S9","N",2,FALSE,"2019-02-17",NA
"ABG_6","S9","E",16,FALSE,"2019-02-17",NA
"ABG_6","S9","S",8,FALSE,"2019-02-17",NA
"ABG_6","S9","W",1,FALSE,"2019-02-17",NA
"ABG_7","S1","N",0.5,FALSE,"2019-02-19",NA
"ABG_7","S1","E",0.4,FALSE,"2019-02-19",NA
"ABG_7","S1","S",0.3,FALSE,"2019-02-19",NA
"ABG_7","S1","W",4.8,FALSE,"2019-02-19",NA
"ABG_7","S2","N",3,FALSE,"2019-02-19",NA
"ABG_7","S2","E",5.5,FALSE,"2019-02-19",NA
"ABG_7","S2","S",1.5,FALSE,"2019-02-19",NA
"ABG_7","S2","W",8.4,FALSE,"2019-02-19",NA
"ABG_7","S3","N",2.8,FALSE,"2019-02-19",NA
"ABG_7","S3","E",4,TRUE,"2019-02-19",10.67
"ABG_7","S3","S",2.5,FALSE,"2019-02-19",NA
"ABG_7","S3","W",4,TRUE,"2019-02-19",36.49
"ABG_7","S4","N",2,FALSE,"2019-02-19",NA
"ABG_7","S4","E",4.8,TRUE,"2019-02-19",7.95
"ABG_7","S4","S",4.8,FALSE,"2019-02-19",NA
"ABG_7","S4","W",4,FALSE,"2019-02-19",NA
"ABG_7","S5","N",4.9,FALSE,"2019-02-19",NA
"ABG_7","S5","E",4.8,FALSE,"2019-02-19",NA
"ABG_7","S5","S",2.5,FALSE,"2019-02-19",NA
"ABG_7","S5","W",2,FALSE,"2019-02-19",NA
"ABG_7","S6","N",4.7,FALSE,"2019-02-19",NA
"ABG_7","S6","E",2.5,FALSE,"2019-02-19",NA
"ABG_7","S6","S",2,FALSE,"2019-02-19",NA
"ABG_7","S6","W",3,FALSE,"2019-02-19",NA
"ABG_7","S7","N",4,FALSE,"2019-02-19",NA
"ABG_7","S7","E",4.5,FALSE,"2019-02-19",NA
"ABG_7","S7","S",5,FALSE,"2019-02-19",NA
"ABG_7","S7","W",5.5,FALSE,"2019-02-19",NA
"ABG_7","S8","N",2,FALSE,"2019-02-19",NA
"ABG_7","S8","E",4,TRUE,"2019-02-19",10.81
"ABG_7","S8","S",9,FALSE,"2019-02-19",NA
"ABG_7","S8","W",2.5,TRUE,"2019-02-19",9.28
"ABG_7","S9","N",5,FALSE,"2019-02-19",NA
"ABG_7","S9","E",2,FALSE,"2019-02-19",NA
"ABG_7","S9","S",3,FALSE,"2019-02-19",NA
"ABG_7","S9","W",4.9,TRUE,"2019-02-19",13.63
"ABG_8","S1","N",25,FALSE,"2019-02-21",NA
"ABG_8","S1","E",10,FALSE,"2019-02-21",NA
"ABG_8","S1","S",3,TRUE,"2019-02-21",4.19
"ABG_8","S1","W",7,TRUE,"2019-02-21",31.43
"ABG_8","S2","N",22,TRUE,"2019-02-21",16.19
"ABG_8","S2","E",2,FALSE,"2019-02-21",NA
"ABG_8","S2","S",3,TRUE,"2019-02-21",13.53
"ABG_8","S2","W",3,FALSE,"2019-02-21",NA
"ABG_8","S3","N",8,FALSE,"2019-02-21",NA
"ABG_8","S3","E",5,FALSE,"2019-02-21",NA
"ABG_8","S3","S",2,FALSE,"2019-02-21",NA
"ABG_8","S3","W",3,FALSE,"2019-02-21",NA
"ABG_8","S4","N",8,FALSE,"2019-02-21",NA
"ABG_8","S4","E",15,FALSE,"2019-02-21",NA
"ABG_8","S4","S",8,FALSE,"2019-02-21",NA
"ABG_8","S4","W",6,FALSE,"2019-02-21",NA
"ABG_8","S5","N",34,FALSE,"2019-02-21",NA
"ABG_8","S5","E",19,TRUE,"2019-02-21",6.56
"ABG_8","S5","S",15,FALSE,"2019-02-21",NA
"ABG_8","S5","W",8,FALSE,"2019-02-21",NA
"ABG_8","S6","N",4,FALSE,"2019-02-21",NA
"ABG_8","S6","E",9,FALSE,"2019-02-21",NA
"ABG_8","S6","S",6,TRUE,"2019-02-21",20.46
"ABG_8","S6","W",19,FALSE,"2019-02-21",NA
"ABG_8","S7","N",16,FALSE,"2019-02-21",NA
"ABG_8","S7","E",10,FALSE,"2019-02-21",NA
"ABG_8","S7","S",5,FALSE,"2019-02-21",NA
"ABG_8","S7","W",4,FALSE,"2019-02-21",NA
"ABG_8","S8","N",3,FALSE,"2019-02-21",NA
"ABG_8","S8","E",5,FALSE,"2019-02-21",NA
"ABG_8","S8","S",12,FALSE,"2019-02-21",NA
"ABG_8","S8","W",4,FALSE,"2019-02-21",NA
"ABG_8","S9","N",4,FALSE,"2019-02-21",NA
"ABG_8","S9","E",5,FALSE,"2019-02-21",NA
"ABG_8","S9","S",1,FALSE,"2019-02-21",NA
"ABG_8","S9","W",1,FALSE,"2019-02-21",NA
"ABG_9","S1","N",7,FALSE,"2019-03-12",NA
"ABG_9","S1","E",9,FALSE,"2019-03-12",NA
"ABG_9","S1","S",14,FALSE,"2019-03-12",NA
"ABG_9","S1","W",3,FALSE,"2019-03-12",NA
"ABG_9","S2","N",8,TRUE,"2019-03-12",9.2
"ABG_9","S2","E",18,FALSE,"2019-03-12",NA
"ABG_9","S2","S",7,FALSE,"2019-03-12",NA
"ABG_9","S2","W",3,TRUE,"2019-03-12",10.35
"ABG_9","S3","N",9,FALSE,"2019-03-12",NA
"ABG_9","S3","E",9,FALSE,"2019-03-12",NA
"ABG_9","S3","S",6,FALSE,"2019-03-12",NA
"ABG_9","S3","W",7,FALSE,"2019-03-12",NA
"ABG_9","S4","N",8,FALSE,"2019-03-12",NA
"ABG_9","S4","E",9,FALSE,"2019-03-12",NA
"ABG_9","S4","S",4,FALSE,"2019-03-12",NA
"ABG_9","S4","W",22,FALSE,"2019-03-12",NA
"ABG_9","S5","N",6,TRUE,"2019-03-12",20.2
"ABG_9","S5","E",4,FALSE,"2019-03-12",NA
"ABG_9","S5","S",3,FALSE,"2019-03-12",NA
"ABG_9","S5","W",3,FALSE,"2019-03-12",NA
"ABG_9","S6","N",9,TRUE,"2019-03-12",15.98
"ABG_9","S6","E",9,FALSE,"2019-03-12",NA
"ABG_9","S6","S",11,FALSE,"2019-03-12",NA
"ABG_9","S6","W",12,FALSE,"2019-03-12",NA
"ABG_9","S7","N",14,FALSE,"2019-03-12",NA
"ABG_9","S7","E",9,FALSE,"2019-03-12",NA
"ABG_9","S7","S",9,FALSE,"2019-03-12",NA
"ABG_9","S7","W",6,FALSE,"2019-03-12",NA
"ABG_9","S8","N",21,TRUE,"2019-03-12",32.47
"ABG_9","S8","E",15,FALSE,"2019-03-12",NA
"ABG_9","S8","S",7,FALSE,"2019-03-12",NA
"ABG_9","S8","W",11,TRUE,"2019-03-12",48.59
"ABG_9","S9","N",7,FALSE,"2019-03-12",NA
"ABG_9","S9","E",6,FALSE,"2019-03-12",NA
"ABG_9","S9","S",7,FALSE,"2019-03-12",NA
"ABG_9","S9","W",6,FALSE,"2019-03-12",NA
"ABG_10","S1","N",4,FALSE,"2019-03-14",NA
"ABG_10","S1","E",7,FALSE,"2019-03-14",NA
"ABG_10","S1","S",5,TRUE,"2019-03-14",15.45
"ABG_10","S1","W",7,FALSE,"2019-03-14",NA
"ABG_10","S2","N",3,FALSE,"2019-03-14",NA
"ABG_10","S2","E",9,FALSE,"2019-03-14",NA
"ABG_10","S2","S",22,TRUE,"2019-03-14",46.18
"ABG_10","S2","W",6,FALSE,"2019-03-14",NA
"ABG_10","S3","N",9,FALSE,"2019-03-14",NA
"ABG_10","S3","E",29,FALSE,"2019-03-14",NA
"ABG_10","S3","S",9,FALSE,"2019-03-14",NA
"ABG_10","S3","W",12,FALSE,"2019-03-14",NA
"ABG_10","S4","N",26,FALSE,"2019-03-14",NA
"ABG_10","S4","E",15,FALSE,"2019-03-14",NA
"ABG_10","S4","S",13,FALSE,"2019-03-14",NA
"ABG_10","S4","W",11,FALSE,"2019-03-14",NA
"ABG_10","S5","N",5,FALSE,"2019-03-14",NA
"ABG_10","S5","E",3,FALSE,"2019-03-14",NA
"ABG_10","S5","S",4,FALSE,"2019-03-14",NA
"ABG_10","S5","W",6,FALSE,"2019-03-14",NA
"ABG_10","S6","N",9,FALSE,"2019-03-14",NA
"ABG_10","S6","E",5,FALSE,"2019-03-14",NA
"ABG_10","S6","S",15,TRUE,"2019-03-14",89.12
"ABG_10","S6","W",10,TRUE,"2019-03-14",27.83
"ABG_10","S7","N",6,FALSE,"2019-03-14",NA
"ABG_10","S7","E",15,TRUE,"2019-03-14",24.05
"ABG_10","S7","S",11,FALSE,"2019-03-14",NA
"ABG_10","S7","W",17,FALSE,"2019-03-14",NA
"ABG_10","S8","N",3,FALSE,"2019-03-14",NA
"ABG_10","S8","E",3,FALSE,"2019-03-14",NA
"ABG_10","S8","S",13,FALSE,"2019-03-14",NA
"ABG_10","S8","W",7,FALSE,"2019-03-14",NA
"ABG_10","S9","N",22,FALSE,"2019-03-14",NA
"ABG_10","S9","E",8,FALSE,"2019-03-14",NA
"ABG_10","S9","S",18,TRUE,"2019-03-14",53.31
"ABG_10","S9","W",3,FALSE,"2019-03-14",NA
"ABG_11","S1","N",1,FALSE,"2019-03-17",NA
"ABG_11","S1","E",3,FALSE,"2019-03-17",NA
"ABG_11","S1","S",1,TRUE,"2019-03-17",0
"ABG_11","S1","W",1,TRUE,"2019-03-17",19.28
"ABG_11","S2","N",1,FALSE,"2019-03-17",NA
"ABG_11","S2","E",3,FALSE,"2019-03-17",NA
"ABG_11","S2","S",3,FALSE,"2019-03-17",NA
"ABG_11","S2","W",7,FALSE,"2019-03-17",NA
"ABG_11","S3","N",4,FALSE,"2019-03-17",NA
"ABG_11","S3","E",1,FALSE,"2019-03-17",NA
"ABG_11","S3","S",1,FALSE,"2019-03-17",NA
"ABG_11","S3","W",4,FALSE,"2019-03-17",NA
"ABG_11","S4","N",4,FALSE,"2019-03-17",NA
"ABG_11","S4","E",1,FALSE,"2019-03-17",NA
"ABG_11","S4","S",11,FALSE,"2019-03-17",NA
"ABG_11","S4","W",4,FALSE,"2019-03-17",NA
"ABG_11","S5","N",2,FALSE,"2019-03-17",NA
"ABG_11","S5","E",3,FALSE,"2019-03-17",NA
"ABG_11","S5","S",3,TRUE,"2019-03-17",0
"ABG_11","S5","W",2,FALSE,"2019-03-17",NA
"ABG_11","S6","N",4,FALSE,"2019-03-17",NA
"ABG_11","S6","E",3,FALSE,"2019-03-17",NA
"ABG_11","S6","S",4,FALSE,"2019-03-17",NA
"ABG_11","S6","W",11,TRUE,"2019-03-17",17.25
"ABG_11","S7","N",2,FALSE,"2019-03-17",NA
"ABG_11","S7","E",4,FALSE,"2019-03-17",NA
"ABG_11","S7","S",2,FALSE,"2019-03-17",NA
"ABG_11","S7","W",4,FALSE,"2019-03-17",NA
"ABG_11","S8","N",3,FALSE,"2019-03-17",NA
"ABG_11","S8","E",8,TRUE,"2019-03-17",31.98
"ABG_11","S8","S",4,TRUE,"2019-03-17",33.92
"ABG_11","S8","W",4,FALSE,"2019-03-17",NA
"ABG_11","S9","N",3,FALSE,"2019-03-17",NA
"ABG_11","S9","E",3,FALSE,"2019-03-17",NA
"ABG_11","S9","S",2,FALSE,"2019-03-17",NA
"ABG_11","S9","W",7,FALSE,"2019-03-17",NA
"ABG_12","S1","N",19,FALSE,"2019-03-18",NA
"ABG_12","S1","E",14,FALSE,"2019-03-18",NA
"ABG_12","S1","S",8,FALSE,"2019-03-18",NA
"ABG_12","S1","W",12,TRUE,"2019-03-18",19.1
"ABG_12","S2","N",4,TRUE,"2019-03-18",12.25
"ABG_12","S2","E",4,FALSE,"2019-03-18",NA
"ABG_12","S2","S",14,FALSE,"2019-03-18",NA
"ABG_12","S2","W",4,FALSE,"2019-03-18",NA
"ABG_12","S3","N",5,FALSE,"2019-03-18",NA
"ABG_12","S3","E",10,FALSE,"2019-03-18",NA
"ABG_12","S3","S",5,FALSE,"2019-03-18",NA
"ABG_12","S3","W",9,FALSE,"2019-03-18",NA
"ABG_12","S4","N",5,FALSE,"2019-03-18",NA
"ABG_12","S4","E",7,FALSE,"2019-03-18",NA
"ABG_12","S4","S",14,FALSE,"2019-03-18",NA
"ABG_12","S4","W",6,FALSE,"2019-03-18",NA
"ABG_12","S5","N",12,FALSE,"2019-03-18",NA
"ABG_12","S5","E",9,FALSE,"2019-03-18",NA
"ABG_12","S5","S",11,FALSE,"2019-03-18",NA
"ABG_12","S5","W",11,FALSE,"2019-03-18",NA
"ABG_12","S6","N",6,FALSE,"2019-03-18",NA
"ABG_12","S6","E",4,TRUE,"2019-03-18",10.45
"ABG_12","S6","S",11,FALSE,"2019-03-18",NA
"ABG_12","S6","W",8,FALSE,"2019-03-18",NA
"ABG_12","S7","N",17,FALSE,"2019-03-18",NA
"ABG_12","S7","E",14,FALSE,"2019-03-18",NA
"ABG_12","S7","S",2,TRUE,"2019-03-18",2.48
"ABG_12","S7","W",7,FALSE,"2019-03-18",NA
"ABG_12","S8","N",9,FALSE,"2019-03-18",NA
"ABG_12","S8","E",10,FALSE,"2019-03-18",NA
"ABG_12","S8","S",7,FALSE,"2019-03-18",NA
"ABG_12","S8","W",9,FALSE,"2019-03-18",NA
"ABG_12","S9","N",8,FALSE,"2019-03-18",NA
"ABG_12","S9","E",8,FALSE,"2019-03-18",NA
"ABG_12","S9","S",12,TRUE,"2019-03-18",29.34
"ABG_12","S9","W",8,TRUE,"2019-03-18",11.46
"ABG_13","S1","N",14,FALSE,"2019-03-19",NA
"ABG_13","S1","E",25,FALSE,"2019-03-19",NA
"ABG_13","S1","S",45,FALSE,"2019-03-19",NA
"ABG_13","S1","W",9,FALSE,"2019-03-19",NA
"ABG_13","S2","N",5,FALSE,"2019-03-19",NA
"ABG_13","S2","E",25,FALSE,"2019-03-19",NA
"ABG_13","S2","S",54,FALSE,"2019-03-19",NA
"ABG_13","S2","W",4,FALSE,"2019-03-19",NA
"ABG_13","S3","N",14,FALSE,"2019-03-19",NA
"ABG_13","S3","E",9,FALSE,"2019-03-19",NA
"ABG_13","S3","S",13,FALSE,"2019-03-19",NA
"ABG_13","S3","W",23,TRUE,"2019-03-19",31.03
"ABG_13","S4","N",9,FALSE,"2019-03-19",NA
"ABG_13","S4","E",24,FALSE,"2019-03-19",NA
"ABG_13","S4","S",8,FALSE,"2019-03-19",NA
"ABG_13","S4","W",15,FALSE,"2019-03-19",NA
"ABG_13","S5","N",15,TRUE,"2019-03-19",46.92
"ABG_13","S5","E",9,FALSE,"2019-03-19",NA
"ABG_13","S5","S",8,FALSE,"2019-03-19",NA
"ABG_13","S5","W",12,TRUE,"2019-03-19",36.66
"ABG_13","S6","N",7,FALSE,"2019-03-19",NA
"ABG_13","S6","E",14,TRUE,"2019-03-19",35.31
"ABG_13","S6","S",17,FALSE,"2019-03-19",NA
"ABG_13","S6","W",19,FALSE,"2019-03-19",NA
"ABG_13","S7","N",7,TRUE,"2019-03-19",37.09
"ABG_13","S7","E",8,FALSE,"2019-03-19",NA
"ABG_13","S7","S",14,FALSE,"2019-03-19",NA
"ABG_13","S7","W",17,FALSE,"2019-03-19",NA
"ABG_13","S8","N",24,FALSE,"2019-03-19",NA
"ABG_13","S8","E",7,FALSE,"2019-03-19",NA
"ABG_13","S8","S",39,FALSE,"2019-03-19",NA
"ABG_13","S8","W",8,FALSE,"2019-03-19",NA
"ABG_13","S9","N",26,FALSE,"2019-03-19",NA
"ABG_13","S9","E",17,FALSE,"2019-03-19",NA
"ABG_13","S9","S",29,TRUE,"2019-03-19",101.85
"ABG_13","S9","W",14,FALSE,"2019-03-19",NA
"ABG_14","S1","N",42,FALSE,"2019-03-21",NA
"ABG_14","S1","E",27,FALSE,"2019-03-21",NA
"ABG_14","S1","S",22,FALSE,"2019-03-21",NA
"ABG_14","S1","W",4,TRUE,"2019-03-21",11.17
"ABG_14","S2","N",9,FALSE,"2019-03-21",NA
"ABG_14","S2","E",7,FALSE,"2019-03-21",NA
"ABG_14","S2","S",8,FALSE,"2019-03-21",NA
"ABG_14","S2","W",3,FALSE,"2019-03-21",NA
"ABG_14","S3","N",24,FALSE,"2019-03-21",NA
"ABG_14","S3","E",30,FALSE,"2019-03-21",NA
"ABG_14","S3","S",8,TRUE,"2019-03-21",22.38
"ABG_14","S3","W",6,FALSE,"2019-03-21",NA
"ABG_14","S4","N",17,FALSE,"2019-03-21",NA
"ABG_14","S4","E",19,FALSE,"2019-03-21",NA
"ABG_14","S4","S",22,FALSE,"2019-03-21",NA
"ABG_14","S4","W",15,FALSE,"2019-03-21",NA
"ABG_14","S5","N",4,TRUE,"2019-03-21",7.23
"ABG_14","S5","E",5,TRUE,"2019-03-21",8.56
"ABG_14","S5","S",24,FALSE,"2019-03-21",NA
"ABG_14","S5","W",9,FALSE,"2019-03-21",NA
"ABG_14","S6","N",7,FALSE,"2019-03-21",NA
"ABG_14","S6","E",8,FALSE,"2019-03-21",NA
"ABG_14","S6","S",14,FALSE,"2019-03-21",NA
"ABG_14","S6","W",17,TRUE,"2019-03-21",46.26
"ABG_14","S7","N",5,FALSE,"2019-03-21",NA
"ABG_14","S7","E",9,FALSE,"2019-03-21",NA
"ABG_14","S7","S",6,TRUE,"2019-03-21",14.32
"ABG_14","S7","W",5,FALSE,"2019-03-21",NA
"ABG_14","S8","N",9,FALSE,"2019-03-21",NA
"ABG_14","S8","E",8,FALSE,"2019-03-21",NA
"ABG_14","S8","S",9,FALSE,"2019-03-21",NA
"ABG_14","S8","W",13,FALSE,"2019-03-21",NA
"ABG_14","S9","N",12,FALSE,"2019-03-21",NA
"ABG_14","S9","E",18,FALSE,"2019-03-21",NA
"ABG_14","S9","S",9,FALSE,"2019-03-21",NA
"ABG_14","S9","W",19,FALSE,"2019-03-21",NA
"ABG_15","S1","N",12,FALSE,"2019-03-23",NA
"ABG_15","S1","E",17,FALSE,"2019-03-23",NA
"ABG_15","S1","S",8,FALSE,"2019-03-23",NA
"ABG_15","S1","W",17,FALSE,"2019-03-23",NA
"ABG_15","S2","N",9,FALSE,"2019-03-23",NA
"ABG_15","S2","E",19,FALSE,"2019-03-23",NA
"ABG_15","S2","S",16,FALSE,"2019-03-23",NA
"ABG_15","S2","W",9,FALSE,"2019-03-23",NA
"ABG_15","S3","N",5,FALSE,"2019-03-23",NA
"ABG_15","S3","E",5,FALSE,"2019-03-23",NA
"ABG_15","S3","S",18,TRUE,"2019-03-23",25.24
"ABG_15","S3","W",32,FALSE,"2019-03-23",NA
"ABG_15","S4","N",5,FALSE,"2019-03-23",NA
"ABG_15","S4","E",18,FALSE,"2019-03-23",NA
"ABG_15","S4","S",19,TRUE,"2019-03-23",53.5
"ABG_15","S4","W",8,TRUE,"2019-03-23",28.65
"ABG_15","S5","N",9,FALSE,"2019-03-23",NA
"ABG_15","S5","E",11,FALSE,"2019-03-23",NA
"ABG_15","S5","S",11,FALSE,"2019-03-23",NA
"ABG_15","S5","W",22,FALSE,"2019-03-23",NA
"ABG_15","S6","N",3,TRUE,"2019-03-23",13.13
"ABG_15","S6","E",15,FALSE,"2019-03-23",NA
"ABG_15","S6","S",22,FALSE,"2019-03-23",NA
"ABG_15","S6","W",17,FALSE,"2019-03-23",NA
"ABG_15","S7","N",7,FALSE,"2019-03-23",NA
"ABG_15","S7","E",7,FALSE,"2019-03-23",NA
"ABG_15","S7","S",3,FALSE,"2019-03-23",NA
"ABG_15","S7","W",44,FALSE,"2019-03-23",NA
"ABG_15","S8","N",30,FALSE,"2019-03-23",NA
"ABG_15","S8","E",25,FALSE,"2019-03-23",NA
"ABG_15","S8","S",55,FALSE,"2019-03-23",NA
"ABG_15","S8","W",10,FALSE,"2019-03-23",NA
"ABG_15","S9","N",15,TRUE,"2019-03-23",59.05
"ABG_15","S9","E",35,TRUE,"2019-03-23",69
"ABG_15","S9","S",19,FALSE,"2019-03-23",NA
"ABG_15","S9","W",9,FALSE,"2019-03-23",NA
"TKW_13","S1","N",25,FALSE,"2020-03-09",NA
"TKW_13","S1","E",26,TRUE,"2020-03-09",NA
"TKW_13","S1","S",30,FALSE,"2020-03-09",NA
"TKW_13","S1","W",30,TRUE,"2020-03-09",NA
"TKW_13","S2","N",18,FALSE,"2020-03-09",NA
"TKW_13","S2","E",16,FALSE,"2020-03-09",NA
"TKW_13","S2","S",26,TRUE,"2020-03-09",NA
"TKW_13","S2","W",20,FALSE,"2020-03-09",NA
"TKW_13","S3","N",21,FALSE,"2020-03-09",NA
"TKW_13","S3","E",21,FALSE,"2020-03-09",NA
"TKW_13","S3","S",15,FALSE,"2020-03-09",NA
"TKW_13","S3","W",30,FALSE,"2020-03-09",NA
"TKW_13","S4","N",14,FALSE,"2020-03-09",NA
"TKW_13","S4","E",16,FALSE,"2020-03-09",NA
"TKW_13","S4","S",25,TRUE,"2020-03-09",NA
"TKW_13","S4","W",21,TRUE,"2020-03-09",NA
"TKW_13","S5","N",22,FALSE,"2020-03-09",NA
"TKW_13","S5","E",25,FALSE,"2020-03-09",NA
"TKW_13","S5","S",20,TRUE,"2020-03-09",NA
"TKW_13","S5","W",17,FALSE,"2020-03-09",NA
"TKW_13","S6","N",13,FALSE,"2020-03-09",NA
"TKW_13","S6","E",18,FALSE,"2020-03-09",NA
"TKW_13","S6","S",27,FALSE,"2020-03-09",NA
"TKW_13","S6","W",26,TRUE,"2020-03-09",NA
"TKW_13","S7","N",10,FALSE,"2020-03-09",NA
"TKW_13","S7","E",39,FALSE,"2020-03-09",NA
"TKW_13","S7","S",35,FALSE,"2020-03-09",NA
"TKW_13","S7","W",30,FALSE,"2020-03-09",NA
"TKW_13","S8","N",45,FALSE,"2020-03-09",NA
"TKW_13","S8","E",30,TRUE,"2020-03-09",NA
"TKW_13","S8","S",15,TRUE,"2020-03-09",NA
"TKW_13","S8","W",17,FALSE,"2020-03-09",NA
"TKW_13","S9","N",25,FALSE,"2020-03-09",NA
"TKW_13","S9","E",20,FALSE,"2020-03-09",NA
"TKW_13","S9","S",25,FALSE,"2020-03-09",NA
"TKW_13","S9","W",18,FALSE,"2020-03-09",NA
"TKW_9","S1","N",10,FALSE,"2020-03-06",NA
"TKW_9","S1","E",11,FALSE,"2020-03-06",NA
"TKW_9","S1","S",17,TRUE,"2020-03-06",NA
"TKW_9","S1","W",13,FALSE,"2020-03-06",NA
"TKW_9","S2","N",18,FALSE,"2020-03-06",NA
"TKW_9","S2","E",22,FALSE,"2020-03-06",NA
"TKW_9","S2","S",26,FALSE,"2020-03-06",NA
"TKW_9","S2","W",24,FALSE,"2020-03-06",NA
"TKW_9","S3","N",28,FALSE,"2020-03-06",NA
"TKW_9","S3","E",27,TRUE,"2020-03-06",NA
"TKW_9","S3","S",14,TRUE,"2020-03-06",NA
"TKW_9","S3","W",13,TRUE,"2020-03-06",NA
"TKW_9","S4","N",12,FALSE,"2020-03-06",NA
"TKW_9","S4","E",5,TRUE,"2020-03-06",NA
"TKW_9","S4","S",11,FALSE,"2020-03-06",NA
"TKW_9","S4","W",5,FALSE,"2020-03-06",NA
"TKW_9","S5","N",16,TRUE,"2020-03-06",NA
"TKW_9","S5","E",19,TRUE,"2020-03-06",NA
"TKW_9","S5","S",13,FALSE,"2020-03-06",NA
"TKW_9","S5","W",8,FALSE,"2020-03-06",NA
"TKW_9","S6","N",11,FALSE,"2020-03-06",NA
"TKW_9","S6","E",13,FALSE,"2020-03-06",NA
"TKW_9","S6","S",24,FALSE,"2020-03-06",NA
"TKW_9","S6","W",18,FALSE,"2020-03-06",NA
"TKW_9","S7","N",30,FALSE,"2020-03-06",NA
"TKW_9","S7","E",25,FALSE,"2020-03-06",NA
"TKW_9","S7","S",30,FALSE,"2020-03-06",NA
"TKW_9","S7","W",33,FALSE,"2020-03-06",NA
"TKW_9","S8","N",8,FALSE,"2020-03-06",NA
"TKW_9","S8","E",23,FALSE,"2020-03-06",NA
"TKW_9","S8","S",18,FALSE,"2020-03-06",NA
"TKW_9","S8","W",22,TRUE,"2020-03-06",NA
"TKW_9","S9","N",11,FALSE,"2020-03-06",NA
"TKW_9","S9","E",13,FALSE,"2020-03-06",NA
"TKW_9","S9","S",10,FALSE,"2020-03-06",NA
"TKW_9","S9","W",4,TRUE,"2020-03-06",NA
"TKW_19","S1","N",14,FALSE,"2020-02-24",NA
"TKW_19","S1","E",6,FALSE,"2020-02-24",NA
"TKW_19","S1","S",23,FALSE,"2020-02-24",NA
"TKW_19","S1","W",15,FALSE,"2020-02-24",NA
"TKW_19","S2","N",9,TRUE,"2020-02-24",NA
"TKW_19","S2","E",20,FALSE,"2020-02-24",NA
"TKW_19","S2","S",10,FALSE,"2020-02-24",NA
"TKW_19","S2","W",52,FALSE,"2020-02-24",NA
"TKW_19","S3","N",9,TRUE,"2020-02-24",NA
"TKW_19","S3","E",22,FALSE,"2020-02-24",NA
"TKW_19","S3","S",28,FALSE,"2020-02-24",NA
"TKW_19","S3","W",12,FALSE,"2020-02-24",NA
"TKW_19","S4","N",12,TRUE,"2020-02-24",NA
"TKW_19","S4","E",17,FALSE,"2020-02-24",NA
"TKW_19","S4","S",20,FALSE,"2020-02-24",NA
"TKW_19","S4","W",17,FALSE,"2020-02-24",NA
"TKW_19","S5","N",22,FALSE,"2020-02-24",NA
"TKW_19","S5","E",30,TRUE,"2020-02-24",NA
"TKW_19","S5","S",7,FALSE,"2020-02-24",NA
"TKW_19","S5","W",27,TRUE,"2020-02-24",NA
"TKW_19","S6","N",7,TRUE,"2020-02-24",NA
"TKW_19","S6","E",10,FALSE,"2020-02-24",NA
"TKW_19","S6","S",12,FALSE,"2020-02-24",NA
"TKW_19","S6","W",14,FALSE,"2020-02-24",NA
"TKW_19","S7","N",14,TRUE,"2020-02-24",NA
"TKW_19","S7","E",29,FALSE,"2020-02-24",NA
"TKW_19","S7","S",14,FALSE,"2020-02-24",NA
"TKW_19","S7","W",5,FALSE,"2020-02-24",NA
"TKW_19","S8","N",29,FALSE,"2020-02-24",NA
"TKW_19","S8","E",18,FALSE,"2020-02-24",NA
"TKW_19","S8","S",44,TRUE,"2020-02-24",NA
"TKW_19","S8","W",12,FALSE,"2020-02-24",NA
"TKW_19","S9","N",37,FALSE,"2020-02-24",NA
"TKW_19","S9","E",26,FALSE,"2020-02-24",NA
"TKW_19","S9","S",22,FALSE,"2020-02-24",NA
"TKW_19","S9","W",20,TRUE,"2020-02-24",NA
"TKW_10","S1","N",35,FALSE,"2020-02-25",NA
"TKW_10","S1","E",38,FALSE,"2020-02-25",NA
"TKW_10","S1","S",25,TRUE,"2020-02-25",NA
"TKW_10","S1","W",45,FALSE,"2020-02-25",NA
"TKW_10","S2","N",40,FALSE,"2020-02-25",NA
"TKW_10","S2","E",34,FALSE,"2020-02-25",NA
"TKW_10","S2","S",17,FALSE,"2020-02-25",NA
"TKW_10","S2","W",24,TRUE,"2020-02-25",NA
"TKW_10","S3","N",25,FALSE,"2020-02-25",NA
"TKW_10","S3","E",15,FALSE,"2020-02-25",NA
"TKW_10","S3","S",35,TRUE,"2020-02-25",NA
"TKW_10","S3","W",12,FALSE,"2020-02-25",NA
"TKW_10","S4","N",25,TRUE,"2020-02-25",NA
"TKW_10","S4","E",26,FALSE,"2020-02-25",NA
"TKW_10","S4","S",15,FALSE,"2020-02-25",NA
"TKW_10","S4","W",30,TRUE,"2020-02-25",NA
"TKW_10","S5","N",27,TRUE,"2020-02-25",NA
"TKW_10","S5","E",7,FALSE,"2020-02-25",NA
"TKW_10","S5","S",24,TRUE,"2020-02-25",NA
"TKW_10","S5","W",28,FALSE,"2020-02-25",NA
"TKW_10","S6","N",7,FALSE,"2020-02-25",NA
"TKW_10","S6","E",20,FALSE,"2020-02-25",NA
"TKW_10","S6","S",17,FALSE,"2020-02-25",NA
"TKW_10","S6","W",13,FALSE,"2020-02-25",NA
"TKW_10","S7","N",37,FALSE,"2020-02-25",NA
"TKW_10","S7","E",20,FALSE,"2020-02-25",NA
"TKW_10","S7","S",12,FALSE,"2020-02-25",NA
"TKW_10","S7","W",27,FALSE,"2020-02-25",NA
"TKW_10","S8","N",45,FALSE,"2020-02-25",NA
"TKW_10","S8","E",18,FALSE,"2020-02-25",NA
"TKW_10","S8","S",27,FALSE,"2020-02-25",NA
"TKW_10","S8","W",18,FALSE,"2020-02-25",NA
"TKW_10","S9","N",10,TRUE,"2020-02-25",NA
"TKW_10","S9","E",18,TRUE,"2020-02-25",NA
"TKW_10","S9","S",20,FALSE,"2020-02-25",NA
"TKW_10","S9","W",15,FALSE,"2020-02-25",NA
"TKW_21","S1","N",5,FALSE,"2020-02-28",NA
"TKW_21","S1","E",6,FALSE,"2020-02-28",NA
"TKW_21","S1","S",18,FALSE,"2020-02-28",NA
"TKW_21","S1","W",6,FALSE,"2020-02-28",NA
"TKW_21","S2","N",5,TRUE,"2020-02-28",NA
"TKW_21","S2","E",4,FALSE,"2020-02-28",NA
"TKW_21","S2","S",12,FALSE,"2020-02-28",NA
"TKW_21","S2","W",3,FALSE,"2020-02-28",NA
"TKW_21","S3","N",6,FALSE,"2020-02-28",NA
"TKW_21","S3","E",3,FALSE,"2020-02-28",NA
"TKW_21","S3","S",5,TRUE,"2020-02-28",NA
"TKW_21","S3","W",7,TRUE,"2020-02-28",NA
"TKW_21","S4","N",6,FALSE,"2020-02-28",NA
"TKW_21","S4","E",3,FALSE,"2020-02-28",NA
"TKW_21","S4","S",6,TRUE,"2020-02-28",NA
"TKW_21","S4","W",6,FALSE,"2020-02-28",NA
"TKW_21","S5","N",6,TRUE,"2020-02-28",NA
"TKW_21","S5","E",3,FALSE,"2020-02-28",NA
"TKW_21","S5","S",5,FALSE,"2020-02-28",NA
"TKW_21","S5","W",5,FALSE,"2020-02-28",NA
"TKW_21","S6","N",NA,FALSE,"2020-02-28",NA
"TKW_21","S6","E",NA,FALSE,"2020-02-28",NA
"TKW_21","S6","S",NA,FALSE,"2020-02-28",NA
"TKW_21","S6","W",NA,FALSE,"2020-02-28",NA
"TKW_21","S7","N",7,TRUE,"2020-02-28",NA
"TKW_21","S7","E",11,FALSE,"2020-02-28",NA
"TKW_21","S7","S",8,FALSE,"2020-02-28",NA
"TKW_21","S7","W",3,FALSE,"2020-02-28",NA
"TKW_21","S8","N",23,TRUE,"2020-02-28",NA
"TKW_21","S8","E",2,FALSE,"2020-02-28",NA
"TKW_21","S8","S",2,TRUE,"2020-02-28",NA
"TKW_21","S8","W",17,FALSE,"2020-02-28",NA
"TKW_21","S9","N",8,FALSE,"2020-02-28",NA
"TKW_21","S9","E",10,FALSE,"2020-02-28",NA
"TKW_21","S9","S",6,TRUE,"2020-02-28",NA
"TKW_21","S9","W",7,TRUE,"2020-02-28",NA
"TKW_7","S1","N",27,FALSE,"2020-03-10",NA
"TKW_7","S1","E",25,FALSE,"2020-03-10",NA
"TKW_7","S1","S",40,FALSE,"2020-03-10",NA
"TKW_7","S1","W",40,FALSE,"2020-03-10",NA
"TKW_7","S2","N",50,FALSE,"2020-03-10",NA
"TKW_7","S2","E",40,TRUE,"2020-03-10",NA
"TKW_7","S2","S",45,FALSE,"2020-03-10",NA
"TKW_7","S2","W",50,FALSE,"2020-03-10",NA
"TKW_7","S3","N",40,FALSE,"2020-03-10",NA
"TKW_7","S3","E",52,TRUE,"2020-03-10",NA
"TKW_7","S3","S",20,FALSE,"2020-03-10",NA
"TKW_7","S3","W",40,FALSE,"2020-03-10",NA
"TKW_7","S4","N",67,TRUE,"2020-03-10",NA
"TKW_7","S4","E",23,FALSE,"2020-03-10",NA
"TKW_7","S4","S",26,TRUE,"2020-03-10",NA
"TKW_7","S4","W",40,TRUE,"2020-03-10",NA
"TKW_7","S5","N",8,TRUE,"2020-03-10",NA
"TKW_7","S5","E",22,FALSE,"2020-03-10",NA
"TKW_7","S5","S",36,TRUE,"2020-03-10",NA
"TKW_7","S5","W",35,FALSE,"2020-03-10",NA
"TKW_7","S6","N",40,FALSE,"2020-03-10",NA
"TKW_7","S6","E",36,FALSE,"2020-03-10",NA
"TKW_7","S6","S",40,FALSE,"2020-03-10",NA
"TKW_7","S6","W",36,TRUE,"2020-03-10",NA
"TKW_7","S7","N",22,FALSE,"2020-03-10",NA
"TKW_7","S7","E",17,FALSE,"2020-03-10",NA
"TKW_7","S7","S",28,FALSE,"2020-03-10",NA
"TKW_7","S7","W",27,TRUE,"2020-03-10",NA
"TKW_7","S8","N",12,FALSE,"2020-03-10",NA
"TKW_7","S8","E",55,FALSE,"2020-03-10",NA
"TKW_7","S8","S",53,FALSE,"2020-03-10",NA
"TKW_7","S8","W",23,FALSE,"2020-03-10",NA
"TKW_7","S9","N",20,FALSE,"2020-03-10",NA
"TKW_7","S9","E",48,FALSE,"2020-03-10",NA
"TKW_7","S9","S",29,FALSE,"2020-03-10",NA
"TKW_7","S9","W",33,FALSE,"2020-03-10",NA
"TKW_25","S1","N",38,FALSE,"2020-03-13",NA
"TKW_25","S1","E",18,FALSE,"2020-03-13",NA
"TKW_25","S1","S",30,FALSE,"2020-03-13",NA
"TKW_25","S1","W",28,FALSE,"2020-03-13",NA
"TKW_25","S2","N",20,FALSE,"2020-03-13",NA
"TKW_25","S2","E",24,FALSE,"2020-03-13",NA
"TKW_25","S2","S",40,TRUE,"2020-03-13",NA
"TKW_25","S2","W",38,FALSE,"2020-03-13",NA
"TKW_25","S3","N",28,TRUE,"2020-03-13",NA
"TKW_25","S3","E",40,FALSE,"2020-03-13",NA
"TKW_25","S3","S",36,TRUE,"2020-03-13",NA
"TKW_25","S3","W",46,FALSE,"2020-03-13",NA
"TKW_25","S4","N",25,FALSE,"2020-03-13",NA
"TKW_25","S4","E",26,TRUE,"2020-03-13",NA
"TKW_25","S4","S",23,FALSE,"2020-03-13",NA
"TKW_25","S4","W",15,FALSE,"2020-03-13",NA
"TKW_25","S5","N",29,FALSE,"2020-03-13",NA
"TKW_25","S5","E",38,FALSE,"2020-03-13",NA
"TKW_25","S5","S",28,TRUE,"2020-03-13",NA
"TKW_25","S5","W",21,FALSE,"2020-03-13",NA
"TKW_25","S6","N",20,FALSE,"2020-03-13",NA
"TKW_25","S6","E",18,FALSE,"2020-03-13",NA
"TKW_25","S6","S",20,FALSE,"2020-03-13",NA
"TKW_25","S6","W",28,TRUE,"2020-03-13",NA
"TKW_25","S7","N",25,FALSE,"2020-03-13",NA
"TKW_25","S7","E",36,FALSE,"2020-03-13",NA
"TKW_25","S7","S",30,TRUE,"2020-03-13",NA
"TKW_25","S7","W",17,FALSE,"2020-03-13",NA
"TKW_25","S8","N",30,TRUE,"2020-03-13",NA
"TKW_25","S8","E",40,TRUE,"2020-03-13",NA
"TKW_25","S8","S",28,FALSE,"2020-03-13",NA
"TKW_25","S8","W",18,FALSE,"2020-03-13",NA
"TKW_25","S9","N",35,FALSE,"2020-03-13",NA
"TKW_25","S9","E",25,FALSE,"2020-03-13",NA
"TKW_25","S9","S",40,FALSE,"2020-03-13",NA
"TKW_25","S9","W",20,FALSE,"2020-03-13",NA
