"plot_id","subplot","stem_tag_id","tree_tag_id","distance","direction","diam","x_dim","y_dim","height","species"
"ABG_5","S1","5_24","5_24",3,80,6.1,NA,NA,NA,"Combretum hereroense"
"ABG_5","S1","5_25","5_25",4.7,347,5.3,2.1,3.8,3.2,"Terminalia sericea"
"ABG_5","S2","5_39","5_39",1.9,180,8.9,1.3,1.4,3.2,"Diplorhynchus condylocarpon"
"ABG_5","S2","5_40","5_39",1.3,152,6,1,0.9,3.2,"Diplorhynchus condylocarpon"
"ABG_5","S2","5_41","5_41",4.5,240,77.4,17.6,18.1,22.2,"Brachystegia glaucescens"
"ABG_5","S3","5_60","5_60",3.8,150,45.2,6.9,9.2,10.8,"Brachystegia sp. plot_5"
"ABG_5","S4","5_102","5_103",2.5,49,57.3,19.2,20.8,17,"Brachystegia sp. plot_5"
"ABG_5","S4","5_103","5_103",2,50,66.5,NA,NA,17,"Brachystegia sp. plot_5"
"ABG_5","S6","5_170","5_170",8,10,6.8,2.3,2.3,3.4,"Julbernardia paniculata"
"ABG_5","S6","5_171","5_170",8,10,6.2,2.3,2.3,3.4,"Julbernardia paniculata"
"ABG_5","S6","5_174","5_174",3.5,310,11,3.6,3.7,10.4,"Brachystegia sp. plot_5"
"ABG_5","S6","5_178","5_178",2.4,360,9.8,3.2,3.5,10.4,"Burkea africana"
"ABG_5","S6","5_179","5_178",2.4,360,9.8,3.2,3.5,10.4,"Burkea africana"
"ABG_5","S6","5_180","5_178",2.4,360,8.6,3.2,3.5,10.4,"Burkea africana"
"ABG_5","S6","5_181","5_181",1.8,310,6.5,1.9,1.8,2.8,"Julbernardia paniculata"
"ABG_5","S6","5_182","5_181",1.8,310,8.3,1.9,1.8,2.8,"Julbernardia paniculata"
"ABG_5","S5","5_227","5_227",2.9,310,8.4,2.5,2.5,5.2,"Brachystegia sp. plot_5"
"ABG_5","S5","5_229","5_229",1.9,340,7.8,3.4,2.7,3.2,"Combretum hereroense"
"ABG_5","S5","5_230","5_230",5,70,9,2.8,3.3,5,"Julbernardia paniculata"
"ABG_5","S5","5_231","5_231",1,120,8.1,3.2,1.5,5,"Brachystegia sp. plot_5"
"ABG_5","S5","5_232","5_231",0.9,120,5.9,3.2,1.5,5,"Brachystegia sp. plot_5"
"ABG_5","S5","5_233","5_233",0.9,108,9.2,2.8,2.5,5,"Julbernardia paniculata"
"ABG_5","S5","5_234","5_234",2.6,112,7.6,1.5,1.7,5,"Julbernardia paniculata"
"ABG_5","S5","5_235","5_235",2.8,100,7.3,2.7,2.3,5,"Julbernardia paniculata"
"ABG_5","S7","5_567","5_564",5,60,13.5,3.2,4.9,6.4,"Julbernardia paniculata"
"ABG_5","S7","5_568","5_568",4.9,360,6.1,3.4,2.6,4.8,"Burkea africana"
"ABG_5","S7","5_569","5_569",2.1,220,6.4,3.5,3.5,4.8,"Pericopsis angolensis"
"ABG_5","S7","5_570","5_569",2.1,220,7.3,3.5,3.5,4.8,"Pericopsis angolensis"
"ABG_5","S7","5_571","5_569",2.1,220,6,3.5,3.5,4.8,"Pericopsis angolensis"
"ABG_5","S7","5_572","5_569",2.1,220,8.3,3.5,3.5,4.8,"Pericopsis angolensis"
"ABG_5","S8","5_613","5_613",4.5,83,24.5,6,5.3,7.8,"Pericopsis angolensis"
"ABG_5","S9","5_657","5_657",1,50,8.2,3.6,2.7,5.2,"Julbernardia paniculata"
"ABG_5","S9","5_658","5_657",1.5,60,9.1,2.6,2.7,5.2,"Julbernardia paniculata"
"ABG_5","S9","5_659","5_659",0.5,60,8.3,2.3,3,5.2,"Julbernardia paniculata"
"ABG_5","S9","5_660","5_659",0.5,60,6.2,3.3,3.3,5.2,"Julbernardia paniculata"
"ABG_5","S9","5_661","5_661",2.3,240,5.9,2.4,2.4,5.2,"Julbernardia paniculata"
"ABG_5","S9","5_662","5_662",3.5,180,7.5,2.4,4.1,4.9,"Julbernardia paniculata"
"ABG_5","S9","5_663","5_662",3.6,200,10.1,4.1,4.1,4.9,"Julbernardia paniculata"
"ABG_5","S9","5_664","5_664",3.6,148,6.5,2.5,2.5,4.9,"Julbernardia paniculata"
"ABG_6","S1","6_18","6_18",7.2,198,15.7,4,10,7.4,"Julbernardia paniculata"
"ABG_6","S1","6_19","6_19",7,21,13.5,NA,NA,8,"Julbernardia paniculata"
"ABG_6","S1","6_20","6_20",5.7,4,8,2.5,2.3,6.5,"Julbernardia paniculata"
"ABG_6","S1","6_24","6_24",5.3,50,10.2,2.2,2.5,8.4,"Julbernardia paniculata"
"ABG_6","S1","6_25","6_25",3,50,12.8,2.8,2.4,8.4,"Julbernardia paniculata"
"ABG_6","S1","6_26","6_26",7.1,98,10.4,2.1,2.8,6,"Julbernardia paniculata"
"ABG_6","S2","6_63","6_63",6.5,321,8.6,1.7,1.8,5.3,"Julbernardia paniculata"
"ABG_6","S2","6_64","6_64",4.4,322,6.5,4.9,11.5,5.4,"Julbernardia paniculata"
"ABG_6","S2","6_65","6_65",6.1,299,13,3.5,3.4,8.6,"Julbernardia paniculata"
"ABG_6","S2","6_74","6_74",8.9,221,13.2,2.9,5.1,7.8,"Julbernardia paniculata"
"ABG_6","S2","6_77","6_77",6.8,32,38,8.7,9.4,13.8,"Julbernardia paniculata"
"ABG_6","S2","6_78","6_78",5.1,40,23,6.8,6.2,8,"Julbernardia paniculata"
"ABG_6","S2","6_79","6_79",8.7,140,17.7,5.2,7.1,7.6,"Julbernardia paniculata"
"ABG_6","S3","6_158","6_157",5.5,266,7.6,2.5,2.2,5,"Pteleopsis anisoptera"
"ABG_6","S3","6_159","6_159",2.8,270,6.2,1.7,1.2,2.6,"Strychnos pungens"
"ABG_6","S3","6_160","6_160",4.9,220,8.2,2.3,2,4,"Pteleopsis anisoptera"
"ABG_6","S3","6_162","6_162",5.5,212,6.5,2.1,1.1,5,"Pteleopsis anisoptera"
"ABG_6","S3","6_163","6_163",5.6,70,5.6,2.1,1.1,5,"Pteleopsis anisoptera"
"ABG_6","S3","6_178","6_178",4.5,64,7,1.2,1.1,3.8,"Lonchocarpus nelsii"
"ABG_6","S6","6_405","6_405",4.6,180,8.9,2.9,2.4,5.8,"Julbernardia paniculata"
"ABG_6","S6","6_407","6_407",5,210,5.4,2.2,2.6,5.6,"Julbernardia paniculata"
"ABG_6","S5","6_416","6_416",1.6,78,7.3,2.2,2.8,5.8,"Julbernardia paniculata"
"ABG_6","S5","6_455","6_455",0.7,245,5.9,2,1.5,4.6,"Julbernardia paniculata"
"ABG_6","S4","6_507","6_507",6.3,280,10.4,1.8,1.4,6,"Julbernardia paniculata"
"ABG_6","S4","6_517","6_517",1.6,160,5.8,1.2,1.7,4.6,"Julbernardia paniculata"
"ABG_6","S4","6_518","6_518",2.1,30,12,5.1,4.5,8.8,"Julbernardia paniculata"
"ABG_6","S4","6_521","6_521",5.2,62,14.5,4.5,4.7,8.8,"Julbernardia paniculata"
"ABG_6","S4","6_522","6_522",4.3,63,5.7,2.2,2.3,3.4,"Pteleopsis anisoptera"
"ABG_6","S7","6_664","6_664",10.3,340,34.3,9.7,11.3,13.6,"Julbernardia paniculata"
"ABG_6","S7","6_667","6_667",4.7,296,37.5,10.6,10.7,13.8,"Julbernardia paniculata"
"ABG_6","S7","6_678","6_678",6.4,124,17.9,5.6,4.9,8.6,"Julbernardia paniculata"
"ABG_6","S8","6_689","6_689",5.9,334,36.2,10.1,9.2,12.8,"Julbernardia paniculata"
"ABG_6","S8","6_690","6_690",2.5,352,7.4,3.1,3.4,3.6,"Lonchocarpus nelsii"
"ABG_6","S8","6_693","6_693",3.4,248,10.5,2.4,2.1,5.8,"Lonchocarpus nelsii"
"ABG_6","S8","6_694","6_694",2.4,208,11.1,2.3,2.1,5.8,"Julbernardia paniculata"
"ABG_6","S8","6_695","6_695",5.2,224,13.6,4.4,4.7,7.2,"Julbernardia paniculata"
"ABG_6","S8","6_698","6_698",7.6,172,17.7,3.8,4.4,7,"Julbernardia paniculata"
"ABG_6","S8","6_702","6_702",5.1,152,5.2,8,1.5,6.8,"Julbernardia paniculata"
"ABG_6","S8","6_703","6_703",3.1,180,5,4,8,6.8,"Julbernardia paniculata"
"ABG_6","S8","6_704","6_704",2.9,21,8.1,2.1,1.4,6.6,"Julbernardia paniculata"
"ABG_6","S8","6_705","6_705",6.3,4,11.4,1.4,2.1,6.7,"Julbernardia paniculata"
"ABG_6","S8","6_706","6_706",5.5,50,7.4,1.4,1.1,7,"Julbernardia paniculata"
"ABG_6","S8","6_707","6_707",7.2,38,11.2,2.9,4.9,7,"Julbernardia paniculata"
"ABG_6","S8","6_708","6_708",6.6,64,10.3,2.6,2.5,6.6,"Julbernardia paniculata"
"ABG_6","S8","6_709","6_709",5.8,86,6,1.2,1.3,6.4,"Julbernardia paniculata"
"ABG_6","S9","6_729","6_729",6.5,222,38,11.7,11.3,15.4,"Julbernardia paniculata"
"ABG_6","S9","6_731","6_731",3.2,316,15.2,4.5,4.1,9.4,"Julbernardia paniculata"
"ABG_6","S9","6_742","6_740",12,164,34.6,18.1,22.2,22.8,"Brachystegia glaucescens"
"ABG_6","S7",NA,NA,5.6,2,NA,NA,NA,NA,NA
"ABG_7","S1","7_38","7_38",3.1,72,11.1,3,4.4,7.8,"Brachystegia sp. plot_6"
"ABG_7","S1","7_36","7_35",5.6,78,12.4,4.5,4.2,14.8,"Brachystegia sp. plot_6"
"ABG_7","S1","7_35","7_35",5.6,76,14,4.5,4.2,14.8,"Brachystegia sp. plot_6"
"ABG_7","S1","7_37","7_37",1.2,58,11.9,5.2,2,9.6,"Combretum collinum"
"ABG_7","S1","7_15","7_15",1.2,2,12.6,3.6,2.8,9.2,"Brachystegia sp. plot_6"
"ABG_7","S1","7_34","7_34",7.2,6,9.3,4,3.4,6.2,"Combretum collinum"
"ABG_7","S1","7_14","7_14",4,0,8,2.5,1.7,9,"Brachystegia sp. plot_6"
"ABG_7","S1","7_4","7_4",5.3,310,11.6,3.6,4,8,"Brachystegia sp. plot_6"
"ABG_7","S1","7_5","7_5",7.3,282,20.3,7.1,5.7,14.6,"Brachystegia sp. plot_6"
"ABG_7","S1","7_13","7_13",3.6,290,9.5,2.9,2.7,7,"Brachystegia sp. plot_6"
"ABG_7","S1","7_11","7_11",4.4,270,6.2,3,2.2,3.4,"Combretum collinum"
"ABG_7","S1","7_12","7_12",3.5,266,9.6,2.6,3,7,"Brachystegia sp. plot_6"
"ABG_7","S1","7_10","7_10",5.8,242,7.5,2.9,3,7.6,"Brachystegia sp. plot_6"
"ABG_7","S1","7_9","7_9",6.3,241,10.8,2.9,3.8,8,"Brachystegia sp. plot_6"
"ABG_7","S1","7_17","7_17",5.3,216,13.3,3.9,2,4.6,"Terminalia sericea"
"ABG_7","S1","7_47","7_47",5.8,178,9,4.8,4,7.8,"Brachystegia sp. plot_6"
"ABG_7","S1","7_43","7_43",4.6,175,5.5,3.4,2.1,3.2,"Bridelia mollis"
"ABG_7","S1","7_44","7_44",5.3,170,22,7.1,6,13.2,"Brachystegia sp. plot_6"
"ABG_7","S1","7_42","7_42",3.5,170,5.2,3.6,2.1,2.6,"Bridelia mollis"
"ABG_7","S1","7_41","7_41",2.8,154,6.7,1.8,0.5,5,"Terminalia sericea"
"ABG_7","S1","7_40","7_40",3.8,128,10.5,2.6,2.9,9,"Brachystegia sp. plot_6"
"ABG_7","S1","7_39","7_39",4.3,122,13.7,3.4,2.1,9,"Brachystegia sp. plot_6"
"ABG_7","S2","7_91","7_91",4,359,37.2,9.9,10.3,19.2,"Brachystegia sp. plot_6"
"ABG_7","S2","7_128","7_128",5.2,38,5.3,2.5,1.8,4.8,"Bridelia mollis"
"ABG_7","S2","7_127","7_127",6.4,50,15.6,5.8,5.3,13,"Brachystegia sp. plot_6"
"ABG_7","S2","7_137","7_137",6.6,100,18.9,5.7,4.3,17.2,"Brachystegia sp. plot_6"
"ABG_7","S2","7_136","7_136",4.6,108,8.2,1.6,1.7,3.6,"Combretum hereroense"
"ABG_7","S2","7_139","7_139",1.5,166,20.6,3.4,3.3,17.2,"Brachystegia sp. plot_6"
"ABG_7","S2","7_139","7_139",1.5,166,20.6,3.4,3.3,17.2,"Brachystegia sp. plot_6"
"ABG_7","S2","7_130","7_130",5,156,29,7.8,7.2,10.6,"Brachystegia sp. plot_6"
"ABG_7","S2","7_88","7_88",2.1,228,5.1,0.5,1,4.3,"Albizia antunesiana"
"ABG_7","S2","7_89","7_89",2.1,228,5.1,2.2,2.2,3.7,"Albizia antunesiana"
"ABG_7","S3","7_221","7_221",4.5,32,6.1,2.9,1.8,2.8,"Bridelia mollis"
"ABG_7","S3","7_217","7_217",5.9,62,5.7,1.6,2.2,2.4,"Combretum hereroense"
"ABG_7","S3","7_216","7_216",5.7,72,5.6,2.2,2.9,2.6,"Combretum hereroense"
"ABG_7","S3","7_215","7_214",4.7,84,12.3,3.4,3.6,9.2,"Brachystegia sp. plot_6"
"ABG_7","S3","7_214","7_214",5.7,94,21.1,4.6,4.6,9.2,"Brachystegia sp. plot_6"
"ABG_7","S3","7_222","7_222",4.6,90,16.2,5.1,4.2,8.6,"Brachystegia sp. plot_6"
"ABG_7","S3","7_212","7_212",7.1,90,12.8,2.6,3,9.2,"Brachystegia sp. plot_6"
"ABG_7","S3","7_223","7_223",4,120,14.1,3.6,5,8.6,"Brachystegia sp. plot_6"
"ABG_7","S3","7_179","7_179",2.9,244,11.4,3.4,3.3,7.2,"Burkea africana"
"ABG_7","S3","7_180","7_179",2.9,244,10.9,3.4,3.3,7.2,"Burkea africana"
"ABG_7","S3","7_181","7_181",4,298,5.8,2.5,1.5,5.8,"Bridelia mollis"
"ABG_7","S3","7_182","7_182",4,298,5.9,2.5,1.5,5.8,"Bridelia mollis"
"ABG_7","S3","7_183","7_183",4,298,7.3,2.5,1.5,5.8,"Bridelia mollis"
"ABG_7","S3","7_185","7_185",3.2,328,15.6,6.1,3.8,8.4,"Burkea africana"
"ABG_7","S4","7_558","7_558",1.4,240,6.5,3,3,2.6,"Combretum collinum"
"ABG_7","S4","7_554","7_553",5.6,320,12.3,5.6,3.4,8.4,"Brachystegia sp. plot_7"
"ABG_7","S4","7_553","7_553",5.9,320,13.2,5.6,3.4,10.8,"Brachystegia sp. plot_7"
"ABG_7","S4","7_555","7_553",3.8,340,6.9,3.8,2.3,3.2,"Terminalia sericea"
"ABG_7","S4","7_556","7_556",1,20,21.6,5.6,4,4.6,"Brachystegia sp. plot_7"
"ABG_7","S4","7_557","7_557",1.6,20,16,2.3,1.1,1,"Brachystegia sp. plot_7"
"ABG_7","S4","7_559","7_559",1.3,60,9,2.3,3,4,"Combretum collinum"
"ABG_7","S4","7_575","7_575",6,30,21.8,5.1,6.2,13,"Brachystegia sp. plot_7"
"ABG_7","S4","7_574","7_574",6.4,30,14.8,5.1,6.2,13,"Brachystegia sp. plot_7"
"ABG_7","S4","7_566","7_566",3.7,80,8.6,4.7,3.5,7.4,"Brachystegia sp. plot_7"
"ABG_7","S4","7_565","7_564",5.2,160,35.6,10.1,9.4,17.4,"Brachystegia sp. plot_7"
"ABG_7","S4","7_564","7_564",5.7,100,25.5,10.1,9.4,17.4,"Brachystegia sp. plot_7"
"ABG_7","S4","7_560","7_560",4.6,120,19.3,4.7,5.4,17,"Brachystegia sp. plot_7"
"ABG_7","S4","7_561","7_561",6.9,140,5.5,4.7,3.2,3.8,"Combretum collinum"
"ABG_7","S4","7_542","7_540",6.2,20,19.2,7.8,8.2,13,"Brachystegia sp. plot_7"
"ABG_7","S4","7_545","7_545",5.4,220,17.8,5.1,3.8,10.6,"Brachystegia sp. plot_7"
"ABG_7","S4","7_540","7_540",6.6,220,20.2,7.8,8.2,13,"Brachystegia sp. plot_7"
"ABG_7","S5","7_482","7_482",1.4,300,6.1,0.9,1.2,3.6,"Combretum collinum"
"ABG_7","S5","7_483","7_483",4,10,6.8,1.2,1,3.6,"Pterocarpus lucens subsp. antunesi"
"ABG_7","S5","7_485","7_485",4.1,10,7.1,1,1,3.4,"Pterocarpus lucens subsp. antunesi"
"ABG_7","S5","7_488","7_488",4.3,40,5,1.2,1.3,3.8,"Combretum collinum"
"ABG_7","S5","7_489","7_489",5,50,6.2,1.8,1.5,3.8,"Combretum hereroense"
"ABG_7","S6","7_953",NA,6.4,40,NA,0.9,1.8,NA,NA
"ABG_7","S6","7_444","7_444",6.8,20,6.2,1.1,1.6,4.2,"Burkea africana"
"ABG_7","S6","7_455","7_455",6.6,60,8.5,1.9,1.8,4.5,"Combretum hereroense"
"ABG_7","S7","7_717","7_717",3.6,340,6.6,0.8,1,3,"Guibourtia coleosperma"
"ABG_7","S7","7_718","7_718",3.2,340,6.4,0.5,1,3,"Combretum collinum"
"ABG_7","S7","7_715","7_715",4.1,0,10,1,1,3,"Guibourtia coleosperma"
"ABG_7","S8","7_755","7_755",2.5,220,5.9,2.1,1.8,3.8,"Combretum collinum"
"ABG_7","S8","7_754","7_754",2.5,220,8.8,2.9,2.6,4.8,"Terminalia sericea"
"ABG_7","S8","7_753","7_753",4,260,7.3,1.6,2.1,4.8,"Terminalia sericea"
"ABG_7","S8","7_757","7_757",5.2,300,9,3.6,2.8,4.6,"Terminalia sericea"
"ABG_7","S8","7_758","7_758",5.7,300,8.7,1.7,2.6,4.6,"Terminalia sericea"
"ABG_7","S8","7_760","7_760",1.5,340,6,1.4,1.5,5.4,"Terminalia sericea"
"ABG_7","S8","7_761","7_761",1.6,20,6.1,2.3,2.4,4.8,"Terminalia sericea"
"ABG_7","S8","7_762","7_761",1.4,20,5.1,2.3,2.3,4.8,"Terminalia sericea"
"ABG_7","S8","7_763","7_763",0.6,80,8.6,1.5,1.4,5.2,"Combretum collinum"
"ABG_7","S9","7_795","7_795",4.2,210,7.1,1.6,0.8,2.2,"Combretum collinum"
"ABG_7","S9","7_838","7_838",3,190,61,14.9,13.8,14.8,"Brachystegia sp. plot_7"
"ABG_7","S9","7_796","7_796",3.4,260,7,2.2,2.3,3.2,"Combretum collinum"
"ABG_7","S9","7_797","7_797",3.8,280,5.7,2.1,2.1,3,"Combretum collinum"
"ABG_7","S9","7_798","7_798",4.5,290,6.2,1.6,1.3,3,"Combretum collinum"
"ABG_7","S9","7_799","7_799",1.9,300,6.1,1.2,2.7,3,"Combretum collinum"
"ABG_7","S9","7_800","7_800",2.6,0,7.7,3,2.4,3.2,"Combretum hereroense"
"ABG_7","S9","7_801","7_801",5.4,340,6,2.5,2.8,2.8,"Combretum collinum"
"ABG_7","S9","7_834","7_834",4.1,60,5.4,1.3,1.7,3.1,"Combretum collinum"
"ABG_7","S9","7_833","7_833",4.2,70,6.6,1.7,2.2,3.1,"Combretum collinum"
"ABG_7","S9","7_835","7_835",4.9,80,6,2.6,2.2,4.1,"Combretum collinum"
"ABG_8","S1","8_30","8_30",4.3,132,6.3,1.3,1.4,3.6,"Burkea africana"
"ABG_8","S1","8_13","8_13",6.5,196,6.7,1.3,1.1,5.2,"Terminalia sericea"
"ABG_8","S1","8_14","8_14",5.4,2,13.1,1,2.8,7,"Burkea africana"
"ABG_8","S2","8_63","8_63",7.9,106,40.5,6.4,9.7,16.4,"Burkea africana"
"ABG_8","S2","8_62","8_62",4.3,162,8.5,1.1,1.1,6.8,"Burkea africana"
"ABG_8","S2","8_571","8_571",3.3,233,9,NA,NA,5.6,"Julbernardia paniculata"
"ABG_8","S2","8_570","8_570",3.3,233,12,NA,NA,5.8,"Julbernardia paniculata"
"ABG_8","S2","8_562","8_562",3,272,5.9,9.3,1.2,1.5,"Julbernardia paniculata"
"ABG_8","S2","8_42","8_42",4.3,296,8.1,1.8,2.3,6.6,"Julbernardia paniculata"
"ABG_8","S3","8_94","8_94",3.6,48,7.5,2.4,2.8,5.6,"Julbernardia paniculata"
"ABG_8","S3","8_95","8_94",3.6,48,8.5,2.4,2.8,5.6,"Julbernardia paniculata"
"ABG_8","S3","8_73","8_73",2.8,189,15.4,6.4,4.8,8,"Julbernardia paniculata"
"ABG_8","S3","8_72","8_72",3.7,234,36.1,4.7,9.5,13.2,"Burkea africana"
"ABG_8","S3","8_595","8_595",4.6,270,6.6,NA,NA,3.8,"Julbernardia paniculata"
"ABG_8","S3","8_71","8_71",5.5,245,9.7,2.3,2.2,8,"Julbernardia paniculata"
"ABG_8","S3","8_70","8_70",6.3,252,42.2,10.8,11.8,20,"Erythrophleum africanum"
"ABG_8","S3","8_597","8_597",6.3,252,8.5,NA,NA,1.6,"Terminalia sericea"
"ABG_8","S3","8_74","8_74",2.1,334,5.2,1.8,1.4,2.8,"Combretum hereroense"
"ABG_8","S3","8_84","8_84",10.2,334,18.7,5.9,5,3.8,"Julbernardia paniculata"
"ABG_8","S4","8_284","8_284",3,332,12.8,2.5,1.8,8,"Erythrophleum africanum"
"ABG_8","S4","8_288","8_288",9.3,146,22.2,6.7,7.5,9.6,"Julbernardia paniculata"
"ABG_8","S4","8_287","8_287",5.4,80,30.7,8.9,9.3,13,"Burkea africana"
"ABG_8","S4","8_285","8_285",4.7,257,34.6,7.3,7.3,11.2,"Burkea africana"
"ABG_8","S5","8_252","8_252",5,300,26.4,6,8.8,14.2,"Julbernardia paniculata"
"ABG_8","S5","8_256","8_256",5.8,300,9.3,8,4.3,4.8,"Burkea africana"
"ABG_8","S5","8_265","8_265",1.9,8,12,2.1,3,5.6,"Burkea africana"
"ABG_8","S5","8_266","8_265",1.9,8,6.7,2.1,3,5.6,"Burkea africana"
"ABG_8","S5","8_272","8_272",3.8,108,7.4,1,0.9,4.6,"Burkea africana"
"ABG_8","S5","8_271","8_271",4.6,118,9.6,0.8,0.9,4.6,"Burkea africana"
"ABG_8","S5","8_271","8_271",4.6,118,9.6,0.8,0.9,4.6,"Burkea africana"
"ABG_8","S5","8_270","8_269",3.2,122,9.1,2,2,4.6,"Erythrophleum africanum"
"ABG_8","S5","8_269","8_269",3.2,122,9,2,2,4.8,"Erythrophleum africanum"
"ABG_8","S5","8_268","8_267",3.8,148,11,2,2.1,6.2,"Burkea africana"
"ABG_8","S5","8_267","8_267",3.8,148,12,2,2,6.2,"Burkea africana"
"ABG_8","S6","8_228","8_227",2.7,264,12.9,2.7,3,6.8,"Burkea africana"
"ABG_8","S6","8_227","8_227",2.9,270,13.5,2.7,3,6.8,"Burkea africana"
"ABG_8","S6","8_226","8_226",3.3,252,15.6,2.5,3.1,11.4,"Julbernardia paniculata"
"ABG_8","S6","8_224","8_224",4,252,7.3,0.9,0.9,3.2,"Burkea africana"
"ABG_8","S6","8_225","8_225",4.1,265,6.2,0.9,0.6,3.2,"Burkea africana"
"ABG_8","S6","8_229","8_229",4.2,292,13.4,3.4,3,12.2,"Julbernardia paniculata"
"ABG_8","S6","8_230","8_230",4.8,298,15.7,2.3,2.6,12.2,"Julbernardia paniculata"
"ABG_8","S6","8_631","8_631",5.2,312,7.5,2,3.6,4,"Julbernardia paniculata"
"ABG_8","S6","8_222","8_222",2.4,22,6.4,NA,NA,2.3,"Pseudolachnostylis maprouneifolia"
"ABG_8","S6","8_176","8_175",6.3,30,30,9.2,6.6,5.8,"Burkea africana"
"ABG_8","S6","8_232","8_232",2.4,30,11.2,2.4,2,6.4,"Burkea africana"
"ABG_8","S7","8_444","8_444",3,140,8,1.8,1.8,3.2,"Combretum collinum"
"ABG_8","S7","8_427","8_427",4.1,182,5.7,1.7,1.5,3.8,"Combretum collinum"
"ABG_8","S7","8_425","8_425",4.6,190,6.3,2.7,2.2,3.8,"Combretum hereroense"
"ABG_8","S7","8_426","8_425",4.6,190,7.1,2.7,2.2,3.8,"Combretum hereroense"
"ABG_8","S7","8_424","8_424",3.8,208,15.5,4.2,3.4,7.4,"Julbernardia paniculata"
"ABG_8","S7","8_639","8_639",4.9,350,10,NA,NA,4.6,"Terminalia sericea"
"ABG_8","S7","8_395","8_395",6.4,0,8.5,2.4,2.3,7.2,"Burkea africana"
"ABG_8","S7","8_445","8_445",8.1,82,10.6,NA,NA,1,"Strychnos spinosa"
"ABG_8","S8","8_480","8_480",3,66,19.3,2.7,1.8,8.4,"Burkea africana"
"ABG_8","S8","8_482","8_482",6,40,9,5.7,6.1,4.6,"Combretum collinum"
"ABG_8","S8","8_486","8_486",7.1,160,30.3,1.7,1.5,14,"Burkea africana"
"ABG_8","S8","8_487","8_386",7.1,160,17.6,1.7,1.5,14,"Burkea africana"
"ABG_8","S8","8_601","8_601",3.3,200,8.5,NA,NA,3.8,"Terminalia sericea"
"ABG_8","S8","8_689","8_689",5.4,280,5.3,2,2.1,3,"Diplorhynchus condylocarpon"
"ABG_8","S8","8_479","8_479",3.6,340,15,1.7,2.4,8.6,"Burkea africana"
"ABG_8","S9","8_515","8_515",5.3,328,14,3.5,2.9,8.2,"Burkea africana"
"ABG_8","S9","8_514","8_513",6.2,340,14.8,4.8,4.4,11.8,"Julbernardia paniculata"
"ABG_8","S9","8_513","8_513",6.2,340,16.1,4.8,4.4,11.8,"Julbernardia paniculata"
"ABG_8","S9","8_537","8_537",6,10,6.4,1.3,1.3,6.3,"Combretum collinum"
"ABG_8","S9","8_540","8_540",3.2,20,5,0.7,0.6,3,"Terminalia sericea"
"ABG_1","S1",NA,NA,7.1,8,2.4,2.6,4.8,NA,"Erythrophleum africanum"
"ABG_1","S1",NA,NA,7.2,32,5.5,2.7,2.5,NA,"Combretum collinum"
"ABG_1","S1",NA,NA,6.5,78,10.2,2.1,2,NA,"Pterocarpus angolensis"
"ABG_1","S1","1_43","1_42",5,95,6.7,2.7,2.7,7.2,"Combretum collinum"
"ABG_1","S1",NA,NA,5.7,108,11.5,1.7,1.8,NA,"Pterocarpus angolensis"
"ABG_1","S1",NA,NA,5.7,108,6.2,1.7,1.8,NA,"Pterocarpus angolensis"
"ABG_1","S1","1_46","1_46",6.7,132,13.7,2.3,5,7.6,"Combretum collinum"
"ABG_1","S1","1_41","1_41",2.8,128,8.2,2.1,2.6,3.6,"Bridelia mollis"
"ABG_1","S1",NA,NA,5.2,211,9.5,1.6,2.5,NA,"Pterocarpus angolensis"
"ABG_1","S1",NA,NA,6.7,202,9.5,4.5,4.3,NA,"Combretum collinum"
"ABG_1","S1",NA,NA,5.8,224,8.8,2.6,10.5,NA,"Combretum collinum"
"ABG_1","S1",NA,NA,2.6,242,6.7,3.4,2.7,NA,"Strychnos spinosa"
"ABG_1","S1","1_32","1_30",7.2,270,16.2,6.3,6,6.5,"Diplorhynchus condylocarpon"
"ABG_1","S1",NA,NA,7.2,270,11,6.3,6,NA,"Diplorhynchus condylocarpon"
"ABG_1","S1",NA,NA,7.2,270,9.2,6.3,6,NA,"Diplorhynchus condylocarpon"
"ABG_1","S1",NA,NA,7.2,270,12.3,6.3,6,NA,"Diplorhynchus condylocarpon"
"ABG_1","S1",NA,NA,3.1,324,12.8,5.1,4.8,NA,"Burkea africana"
"ABG_1","S2","1_71","1_71",3.3,320,6.5,5.2,3.3,5.4,"Burkea africana"
"ABG_1","S2","1_72","1_72",2.7,300,6.1,0.5,0.2,4.9,"Diplorhynchus condylocarpon"
"ABG_1","S2","1_73","1_73",4,300,9.3,2.7,2.7,6.6,"Burkea africana"
"ABG_1","S2","1_62","1_62",7.5,280,42.7,16.5,11.1,15.2,"Julbernardia paniculata"
"ABG_1","S2","1_74","1_74",3.5,260,5.8,3.6,4.4,4,"Bridelia mollis"
"ABG_1","S2",NA,NA,3.5,260,9.1,3.6,4.4,NA,"Bridelia mollis"
"ABG_1","S2",NA,NA,1.4,120,5.2,2.4,1,NA,"Erythrophleum africanum"
"ABG_1","S2","1_75","1_75",2.9,220,8.1,3.3,3.6,4,"Erythrophleum africanum"
"ABG_1","S2","1_76","1_76",4.8,140,37.5,10.2,10.4,12.5,"Burkea africana"
"ABG_1","S2","1_78","1_78",7,80,28.2,13,16.5,10,"Diplorhynchus condylocarpon"
"ABG_1","S2","1_81","1_81",7,80,33,13,16.5,10,"Diplorhynchus condylocarpon"
"ABG_1","S2","1_80","1_80",7,80,24.7,13,16.5,10,"Diplorhynchus condylocarpon"
"ABG_1","S2","1_79","1_79",7,80,34,13,16.5,10,"Diplorhynchus condylocarpon"
"ABG_1","S3","1_104","1_104",5,80,9.2,3,3.3,4.6,"Erythrophleum africanum"
"ABG_1","S3","1_103","1_103",3.7,300,4,3.3,4.2,NA,"Combretum collinum"
"ABG_1","S3","1_102","1_102",7.8,240,32.4,10.3,11.3,13.8,"Julbernardia paniculata"
"ABG_1","S3","1_101","1_101",1.8,300,6.4,2.3,1,NA,"Strychnos pungens"
"ABG_1","S3","1_99","1_99",1.3,340,16.9,4.1,4.4,6.2,"Strychnos cocculoides"
"ABG_1","S3","1_110","1_110",1.8,40,6.1,2,1,9.6,"Erythrophleum africanum"
"ABG_1","S4","1_358","1_358",2.8,60,29,5.7,6.2,10.8,"Julbernardia paniculata"
"ABG_1","S4","1_359","1_359",5.8,100,37,9.5,9.5,19.6,"Julbernardia paniculata"
"ABG_1","S4","1_360","1_360",4.4,160,8.7,4.4,3.3,6,"Julbernardia paniculata"
"ABG_1","S4","1_361","1_361",5,220,12.4,3.7,4,8.4,"Pericopsis angolensis"
"ABG_1","S5","1_325","1_325",1.7,220,6,3.2,4,5,"Bobgunnia madagascariensis"
"ABG_1","S5","1_326","1_325",1.7,220,7.2,3.2,4,5,"Bobgunnia madagascariensis"
"ABG_1","S5","1_327","1_325",1.7,20,6.9,3.2,4,5,"Bobgunnia madagascariensis"
"ABG_1","S5","1_324","1_324",5.3,240,9.8,2.9,5.5,10.6,"Julbernardia paniculata"
"ABG_1","S5","1_329","1_329",4.8,140,11.2,2.4,3.8,6,"Burkea africana"
"ABG_1","S5","1_330","1_330",8.2,140,18.7,5.4,5.2,6.2,"Pseudolachnostylis maprouneifolia"
"ABG_1","S5","1_328","1_328",3.5,220,14.4,5.4,4.2,13.4,"Erythrophleum africanum"
"ABG_1","S5",NA,NA,5,200,8.5,8,3.2,NA,"Erythrophleum africanum"
"ABG_1","S5","1_318","1_318",7,320,6,4,2,2.6,"Bobgunnia madagascariensis"
"ABG_1","S5",NA,NA,3.4,220,5.3,2,1.8,NA,"Burkea africana"
"ABG_1","S5","1_307","1_307",6.3,340,13,7.6,4.1,6.4,"Strychnos pungens"
"ABG_1","S5","1_308","1_307",6.3,320,12.3,7.6,4.1,6.5,"Strychnos pungens"
"ABG_1","S5","1_319","1_319",5.2,340,5.5,3.6,4,4.4,"Combretum collinum"
"ABG_1","S5","1_303","1_303",9.9,340,25.8,10.9,9,8.6,"Diplorhynchus condylocarpon"
"ABG_1","S5","1_304","1_304",9.9,340,15.8,10.9,9,8.6,"Diplorhynchus condylocarpon"
"ABG_1","S5","1_305","1_305",9.9,340,9.9,10.9,9,8.6,"Diplorhynchus condylocarpon"
"ABG_1","S5","1_306","1_306",9.9,340,8.8,10.9,9,9.3,"Diplorhynchus condylocarpon"
"ABG_1","S5","1_300","1_300",9.9,340,34.2,10.9,9,9.3,"Diplorhynchus condylocarpon"
"ABG_1","S5","1_301","1_301",9.9,340,10.7,10.9,9,9.3,"Diplorhynchus condylocarpon"
"ABG_1","S6","1_278","1_278",3.5,100,11,3,4.5,6.6,"Burkea africana"
"ABG_1","S6","1_283","1_283",5.7,80,10.5,4.9,3.9,6.6,"Burkea africana"
"ABG_1","S6","1_284","1_283",5.7,120,7,4.9,3.9,6.6,"Burkea africana"
"ABG_1","S6","1_281","1_281",5.2,140,11.3,3.8,3.7,8.2,"Erythrophleum africanum"
"ABG_1","S6","1_282","1_281",5.2,140,10.2,3.8,3.7,8.2,"Erythrophleum africanum"
"ABG_1","S6","1_280","1_280",4.1,140,8.6,2.9,3,6.2,"Pericopsis angolensis"
"ABG_1","S6","1_279","1_279",2.3,140,8,2.5,2.5,2.4,"Bobgunnia madagascariensis"
"ABG_1","S6","1_279","1_279",2.3,140,8,2.5,2.5,2.4,"Bobgunnia madagascariensis"
"ABG_1","S6","1_266","1_266",4.8,100,9.5,3.3,3,6.4,"Terminalia brachystemma"
"ABG_1","S6","1_268","1_268",2.3,360,5.8,1,1.2,NA,"Combretum collinum"
"ABG_1","S6","1_269","1_269",1.9,300,6.5,3.7,4.2,2.8,"Strychnos pungens"
"ABG_1","S6","1_276","1_276",2.6,300,5.9,4.2,3.3,4.6,"Pseudolachnostylis maprouneifolia"
"ABG_1","S6","1_248","1_248",6.1,340,6.2,3,1,NA,"Combretum collinum"
"ABG_1","S6","1_273","1_272",4.3,40,11.5,4.8,5.6,2.8,"Diplorhynchus condylocarpon"
"ABG_1","S6","1_272","1_272",4.3,40,22.1,4.8,5.6,2.8,"Diplorhynchus condylocarpon"
"ABG_1","S6",NA,NA,4.6,40,6.8,4.8,5.6,NA,"Diplorhynchus condylocarpon"
"ABG_1","S7","1_375","1_375",2.8,120,7.8,1.5,2.1,4.4,"Diplorhynchus condylocarpon"
"ABG_1","S7","1_376","1_376",3.8,120,10.5,2.4,2.6,6.4,"Erythrophleum africanum"
"ABG_1","S7","1_373","1_373",5.8,280,17.2,6.8,5.4,8.6,"Pericopsis angolensis"
"ABG_1","S8","1_470","1_469",5.9,60,9.5,4,4.2,4.8,"Pseudolachnostylis maprouneifolia"
"ABG_1","S8","1_469","1_469",5.9,60,10.8,4,4.2,4.8,"Pseudolachnostylis maprouneifolia"
"ABG_1","S8","1_471","1_471",5.2,80,6.3,2.1,2.6,5.4,"Combretum collinum"
"ABG_1","S8","1_482","1_482",6.3,120,36.5,10.5,9.3,13,"Julbernardia paniculata"
"ABG_1","S8","1_472","1_472",7.4,160,5.8,1.5,4,NA,"Dombeya rotundifolia"
"ABG_1","S8","1_483","1_483",2.9,280,5,2.2,2.1,8,"Diplorhynchus condylocarpon"
"ABG_1","S8","1_484","1_484",3.5,300,7.8,1.7,2,8,"Oldfieldia dactylophylla"
"ABG_1","S8","1_485","1_485",3.8,320,42.4,11.9,10,17.8,"Julbernardia paniculata"
"ABG_1","S8","1_448","1_448",5.9,340,6.5,5.2,3,NA,"Strychnos spinosa"
"ABG_1","S8","1_486","1_486",5.9,340,10.1,5.2,3,9.2,"Strychnos spinosa"
"ABG_1","S8","1_486","1_486",5.9,340,10.1,5.2,3,9.2,"Strychnos spinosa"
"ABG_1","S9","1_443","1_443",3.9,340,5.6,2.2,2.7,3.2,"Gardenia volkensii"
"ABG_1","S9","1_442","1_441",3.6,280,5,4.6,3.6,4.2,"Strychnos spinosa"
"ABG_1","S9","1_441","1_441",4.4,280,5.1,4.6,3.6,4.2,"Strychnos spinosa"
"ABG_1","S9","1_439","1_439",2.4,280,5.4,4.6,3.8,4.2,"Strychnos spinosa"
"ABG_1","S9","1_440","1_440",3,280,5.4,4.6,3.6,4.2,"Strychnos spinosa"
"ABG_1","S9","1_438","1_438",4.7,240,10.9,2.5,3.3,4.6,"Strychnos cocculoides"
"ABG_1","S9","1_437","1_437",3.5,280,6.7,1.9,2.1,5.2,"Pericopsis angolensis"
"ABG_1","S9","1_435","1_435",2.9,200,7.9,3.3,3,NA,"Pseudolachnostylis maprouneifolia"
"ABG_1","S9","1_436","1_435",2.4,200,8.3,3.3,3,4,"Pseudolachnostylis maprouneifolia"
"ABG_1","S9","1_434","1_434",5.7,200,17.1,4.3,5,4,"Julbernardia paniculata"
"ABG_1","S9","1_404","1_404",6.7,100,27.1,6,5.4,3.8,"Diplorhynchus condylocarpon"
"ABG_1","S9","1_408","1_404",7.2,100,17,1.6,2.3,3.8,"Diplorhynchus condylocarpon"
"ABG_2","S1","2_13","2_13",3.6,50,30.6,7.2,6.3,13,"Burkea africana"
"ABG_2","S1","2_12","2_12",7.6,62,30.8,7.2,6.8,14.4,"Burkea africana"
"ABG_2","S1","2_20","2_20",2.2,212,21.4,6.7,7,14,"Burkea africana"
"ABG_2","S1","2_19","2_19",2.7,260,5.5,2.5,2,4,"Combretum collinum"
"ABG_2","S1","2_15","2_15",4.6,322,25.9,6.4,6.7,12,"Burkea africana"
"ABG_2","S1","2_16","2_16",6,340,8.9,3.6,3.1,4,"Combretum zeyheri"
"ABG_2","S1","2_14","2_14",2.4,21,5.1,2,1.9,2.8,"Combretum collinum"
"ABG_2","S2","2_83","2_83",5,50,12.9,2.5,2.7,3,"Julbernardia paniculata"
"ABG_2","S2","2_82","2_82",5,42,10,2.2,2.8,4,"Julbernardia paniculata"
"ABG_2","S2","2_52","2_52",5.5,104,8.6,1.3,1.7,2.2,"Julbernardia paniculata"
"ABG_2","S2","2_54","2_54",5.5,130,12,3.5,2.8,7,"Julbernardia paniculata"
"ABG_2","S2","2_56","2_56",6,122,16.2,3.4,4.4,7,"Julbernardia paniculata"
"ABG_2","S2","2_57","2_57",5.3,195,6.7,1.5,1.6,3.8,"Terminalia brachystemma"
"ABG_2","S2","2_43","2_43",3.4,362,38.4,6.2,9.5,15,"Burkea africana"
"ABG_2","S2","2_44","2_44",4.5,322,5.1,3.5,2.1,4.2,"Combretum collinum"
"ABG_2","S2","2_40","2_40",7.3,322,28.9,15.3,12.9,14.4,"Julbernardia paniculata"
"ABG_2","S2","2_39","2_39",7.3,322,26.8,12.9,12.9,14.4,"Julbernardia paniculata"
"ABG_2","S3","2_78","2_78",4.9,82,5.5,1.4,1.7,2.5,"Combretum collinum"
"ABG_2","S3","2_77","2_77",4.9,108,5.1,1.3,1.6,2.1,"Combretum collinum"
"ABG_2","S3","2_73","2_73",2.4,333,5.5,1.2,2.7,3.4,"Combretum collinum"
"ABG_2","S3","2_72","2_72",5.5,304,7.9,2.7,2.4,6.6,"Terminalia brachystemma"
"ABG_2","S3","2_76","2_76",4.1,10,5,1.9,1.7,2.3,"Combretum collinum"
"ABG_2","S3","2_74","2_74",5.1,16,13.1,4.6,3.8,8,"Lonchocarpus nelsii"
"ABG_2","S3","2_75","2_74",5.1,16,11,4.6,3.8,8,"Lonchocarpus nelsii"
"ABG_2","S4","2_165","2_165",4,132,5,2,2.2,2.9,"Combretum collinum"
"ABG_2","S4","2_164","2_164",3.6,114,5.5,2.3,2.3,2.8,"Combretum collinum"
"ABG_2","S4","2_162","2_162",6.7,122,40.5,8.9,9.3,16.4,"Burkea africana"
"ABG_2","S4","2_168","2_168",1.6,210,13.5,3,3.2,8.8,"Lonchocarpus nelsii"
"ABG_2","S4","2_169","2_168",1.6,210,8.1,3,3.2,6.8,"Lonchocarpus nelsii"
"ABG_2","S4","2_170","2_170",4.2,210,8.8,2.6,2.8,5.2,"Combretum collinum"
"ABG_2","S4","2_156","2_156",6.4,18,8.9,2.5,2.5,5,"Terminalia brachystemma"
"ABG_2","S5","2_147","2_147",7,52,44.9,12.9,13,16,"Burkea africana"
"ABG_2","S5","2_148","2_148",5.9,60,5.2,2.9,1.1,2.7,"Combretum collinum"
"ABG_2","S5","2_208","2_208",9.4,212,35.7,8.4,8.4,14.2,"Burkea africana"
"ABG_2","S5","2_173","2_173",9.1,352,43.7,7.6,13.2,11.6,"Lonchocarpus nelsii"
"ABG_2","S6","2_135","2_135",6,92,7.4,2.4,1.7,4,"Combretum collinum"
"ABG_2","S7","2_294","2_294",4.9,90,5.5,2.2,1.5,3.6,"Combretum collinum"
"ABG_2","S7","2_177","2_177",3.3,394,6.7,3.6,3.3,1.8,"Julbernardia paniculata"
"ABG_2","S7","2_178","2_178",3.3,394,12.5,3.6,3.3,7.2,"Julbernardia paniculata"
"ABG_2","S8","2_276","2_276",3.8,302,6.9,1.9,1.5,3.2,"Julbernardia paniculata"
"ABG_2","S8","2_273","2_273",6,340,11.6,4,3,8.5,"Julbernardia paniculata"
"ABG_2","S8","2_224","2_224",6,340,8,4,3,4.2,"Terminalia brachystemma"
"ABG_2","S8","2_271","2_271",7.1,320,8.8,3.7,2,8.8,"Julbernardia paniculata"
"ABG_2","S8","2_270","2_270",6.5,319,5.4,2,3.2,2.8,"Combretum collinum"
"ABG_2","S9","2_325","2_325",4.5,318,16.4,5.2,5.9,6.8,"Lonchocarpus nelsii"
"ABG_2","S9","2_345","2_345",3.3,118,5.8,2,2.2,3.2,"Combretum collinum"
"ABG_3","S1","3_636","3_636",4,280,21.8,5,5.2,11.6,"Julbernardia paniculata"
"ABG_3","S1","3_635","3_635",5.4,310,19.9,1.1,5.9,8,"Julbernardia paniculata"
"ABG_3","S1","3_637","3_637",4.5,262,6.4,1.4,2.1,4.8,"Diplorhynchus condylocarpon"
"ABG_3","S2","3_608","3_608",1.8,64,6.8,0.9,0.6,5,"Julbernardia paniculata"
"ABG_3","S2","3_606","3_606",2.8,124,16,3.9,3.4,7.8,"Julbernardia paniculata"
"ABG_3","S2","3_607","3_607",2.4,126,14.7,3.2,3.6,7,"Julbernardia paniculata"
"ABG_3","S2","3_617","3_617",2.7,238,6,1,1,7.8,"Julbernardia paniculata"
"ABG_3","S2","3_609","3_609",5.4,32,20.8,4.2,5.1,9.2,"Julbernardia paniculata"
"ABG_3","S2","3_572","3_571",4.8,322,14.7,3.6,4.6,13.6,"Julbernardia paniculata"
"ABG_3","S3","3_573","3_571",4.8,322,12.3,3.2,6,13.6,"Julbernardia paniculata"
"ABG_3","S3","3_571","3_571",4.8,322,14,3.2,6,13.6,"Julbernardia paniculata"
"ABG_3","S3","3_570","3_570",5.1,350,18.9,1.4,0.5,10,"Julbernardia paniculata"
"ABG_3","S3","3_569","3_569",5.1,350,18.3,7,0.5,10,"Julbernardia paniculata"
"ABG_3","S3","3_554","3_552",7,238,12,4.2,4,8,"Julbernardia paniculata"
"ABG_3","S3","3_553","3_552",7,238,8,4.2,4,9.4,"Julbernardia paniculata"
"ABG_3","S3","3_552","3_552",7,238,11.7,4.2,4,9,"Julbernardia paniculata"
"ABG_3","S3","3_551","3_551",3.2,122,6.4,0.4,5,9,"Julbernardia paniculata"
"ABG_3","S4","3_298","3_298",4.2,30,14.9,3.4,3.5,9.2,"Julbernardia paniculata"
"ABG_3","S4","3_289","3_289",3.7,62,9,2,2.6,4.6,"Burkea africana"
"ABG_3","S4","3_290","3_290",3.7,62,6,2,2.6,3,"Burkea africana"
"ABG_3","S4","3_287","3_287",3.4,100,10.6,2.4,2.2,7.2,"Burkea africana"
"ABG_3","S4","3_267","3_267",5.7,122,12,1.4,1.2,9,"Julbernardia paniculata"
"ABG_3","S4","3_266","3_266",6,130,12.5,1.4,3.5,9.8,"Julbernardia paniculata"
"ABG_3","S4","3_286","3_286",2.9,216,8.3,2.1,3.5,6.6,"Julbernardia paniculata"
"ABG_3","S4","3_285","3_285",5.6,240,16.1,3.8,1.4,11,"Julbernardia paniculata"
"ABG_3","S4","3_302","3_302",5.5,275,11.2,1.5,3.4,11.4,"Julbernardia paniculata"
"ABG_3","S4","3_299","3_299",3.5,292,12.6,2.1,2.2,12.4,"Julbernardia paniculata"
"ABG_3","S4","3_301","3_301",4.4,300,14.6,3.6,4.9,12.2,"Julbernardia paniculata"
"ABG_3","S4","3_360","3_360",4.1,302,8.9,2.7,2,6.8,"Julbernardia paniculata"
"ABG_3","S5","3_362","3_362",5,40,6,NA,NA,4.4,"Julbernardia paniculata"
"ABG_3","S5","3_361","3_361",5.5,42,10.8,1.7,2.4,6.8,"Julbernardia paniculata"
"ABG_3","S5","3_363","3_363",2.3,125,11.1,2,1.9,6,"Julbernardia paniculata"
"ABG_3","S5","3_364","3_364",3.9,160,9.2,1.5,1.5,7.4,"Julbernardia paniculata"
"ABG_3","S6","3_385","3_385",4.4,310,5.4,1.2,1.1,5.2,"Julbernardia paniculata"
"ABG_3","S6","3_383","3_383",5,322,6.8,1.2,1.1,5.4,"Julbernardia paniculata"
"ABG_3","S6","3_376","3_375",6.3,350,13.2,3.9,1.4,9,"Julbernardia paniculata"
"ABG_3","S6","3_375","3_375",6.3,350,13,3.9,1.4,9.2,"Julbernardia paniculata"
"ABG_3","S7","3_132","3_132",1.2,160,9.3,1.6,2.2,6,"Julbernardia paniculata"
"ABG_3","S7","3_129","3_129",3.8,208,6,3,3,3.6,"Julbernardia paniculata"
"ABG_3","S7","3_130","3_130",2.9,242,6.9,1.3,1.3,5.4,"Julbernardia paniculata"
"ABG_3","S7","3_131","3_131",1.3,160,6,1.7,2.2,4.8,"Julbernardia paniculata"
"ABG_3","S7","3_149","3_149",3.9,272,7.9,2.2,2.3,7.8,"Julbernardia paniculata"
"ABG_3","S7","3_150","3_149",3.9,272,5.4,2.2,2.3,7,"Julbernardia paniculata"
"ABG_3","S7","3_148","3_148",4.8,319,15,3.3,3,3.8,"Julbernardia paniculata"
"ABG_3","S7","3_147","3_147",4.8,319,11.8,3.3,3,3,"Julbernardia paniculata"
"ABG_3","S7","3_133","3_133",1.8,318,7.8,1.2,1.4,5.6,"Julbernardia paniculata"
"ABG_3","S8","3_58","3_58",3.6,30,15.4,4,4.9,13,"Julbernardia paniculata"
"ABG_3","S8","3_56","3_56",4.3,70,16,4.1,4,8.6,"Julbernardia paniculata"
"ABG_3","S8","3_50","3_50",3.8,124,20.2,6.2,6.2,12.8,"Julbernardia paniculata"
"ABG_3","S8","3_48","3_48",5.7,160,14.5,4.1,6.5,10.8,"Julbernardia paniculata"
"ABG_3","S8","3_57","3_57",2.6,170,14.2,5.8,3.6,12.4,"Julbernardia paniculata"
"ABG_3","S8","3_63","3_63",4.3,182,17.8,4.5,4.2,9.6,"Burkea africana"
"ABG_3","S8","3_60","3_60",2.8,280,15.2,1.6,1.6,4.2,"Lonchocarpus nelsii"
"ABG_3","S8","3_61","3_61",2.2,240,13.3,4.5,2.8,8.2,"Lonchocarpus nelsii"
"ABG_3","S8","3_62","3_62",2.5,240,17.5,3.3,4.3,8.4,"Burkea africana"
"ABG_3","S9","3_16","3_16",4.9,32,14,2.7,2.7,6.6,"Pseudolachnostylis maprouneifolia"
"ABG_3","S9","3_13","3_13",4.3,110,6.9,0.9,0.8,6,"Burkea africana"
"ABG_4","S1","4_16","4_16",0.6,20,7.9,0.7,0.7,3.6,"Baphia massaiensis"
"ABG_4","S1","4_14","4_14",2.3,216,6.5,2,2,5.2,NA
"ABG_4","S1","4_10","4_10",4.3,200,6.8,1.9,1.9,5,"Baphia bequaerti"
"ABG_4","S1","4_12","4_12",4.2,200,6.2,2,1.2,3.8,"Baphia bequaerti"
"ABG_4","S1","4_11","4_11",5,200,6.1,1.4,1.3,4.8,"Baphia bequaerti"
"ABG_4","S1","4_8","4_8",4.8,220,6.8,1.6,1.9,4.8,"Baphia bequaerti"
"ABG_4","S1","4_9","4_9",4.3,219,5.5,1.3,1.1,3,"Baphia bequaerti"
"ABG_4","S1","4_15","4_15",2.7,300,8.6,1.5,1.2,5,NA
"ABG_4","S1","4_13","4_13",4.2,16,8,4.2,1.3,3.8,NA
"ABG_4","S6","4_94","4_93",3.8,123,6.7,2.2,1.6,4.6,"Baphia bequaerti"
"ABG_4","S6","4_93","4_93",4,123,6.3,2.2,1.6,4.6,"Baphia bequaerti"
"ABG_4","S6","4_102","4_102",6.2,189,15,4,3.5,8.2,"Brachystegia glaucescens"
"ABG_4","S6","4_105","4_105",5.6,45,5.9,1.6,1.7,4,"Combretum collinum"
"ABG_4","S6","4_103","4_103",3.4,64,6.4,2,2,4.2,"Combretum collinum"
"ABG_4","S6","4_104","4_104",3.4,64,5.3,2,2,4.2,"Combretum collinum"
"ABG_4","S6","4_200","4_200",5,125,5.3,2.2,2.1,3.8,"Baphia bequaerti"
"ABG_4","S6","4_125","4_125",2.6,130,8,1.1,1.1,4,"Baphia bequaerti"
"ABG_4","S6","4_124","4_124",2.6,140,11,0.9,0.8,4,"Baphia bequaerti"
"ABG_4","S6","4_123","4_123",3,191,7.5,1,0.4,4.6,"Combretum collinum"
"ABG_4","S6","4_475","4_475",3,260,11.2,1.5,1.3,6,"Baphia bequaerti"
"ABG_4","S6","4_469","4_469",7.6,64,10.4,8.4,7.8,11.8,"Burkea africana"
"ABG_4","S6","4_476","4_476",4.6,18,18.8,2.6,2,11.8,"Burkea africana"
"ABG_4","S6","4_478","4_478",4,327,5.9,0.3,0.3,5,"Combretum psidioides"
"ABG_4","S7","4_443","4_443",2,240,6.2,1,1,4,"Burkea africana"
"ABG_4","S7","4_442","4_442",3.7,100,6.5,1.1,1.2,4.2,"Burkea africana"
"ABG_4","S7","4_416","4_416",5.2,180,9.7,1.7,1.6,4.4,"Combretum apiculatum"
"ABG_4","S7","4_445","4_445",4,200,6.7,1.8,1.7,4.6,"Burkea africana"
"ABG_4","S7","4_444","4_444",4,200,6.5,1.5,1.4,4.4,"Burkea africana"
"ABG_4","S2","4_371","4_371",2.8,195,8.1,1.6,1.9,6.8,"Combretum apiculatum"
"ABG_4","S2","4_368","4_368",4.4,210,7.3,2,2,3.8,"Combretum apiculatum"
"ABG_4","S2","4_372","4_372",2.1,132,11.4,2.1,1.6,7.8,"Burkea africana"
"ABG_4","S2","4_364","4_364",6.7,110,10.7,2.6,2.1,7,"Burkea africana"
"ABG_4","S2","4_381","4_381",4.8,163,5,1,1,4,"Brachystegia glaucescens"
"ABG_4","S2","4_392","4_392",5.3,140,9.2,2.8,2.6,8,"Brachystegia glaucescens"
"ABG_4","S2","4_393","4_392",5.3,140,9.2,2.8,2.6,8,"Brachystegia glaucescens"
"ABG_4","S2","4_370","4_370",3.5,143,6.8,1.1,1.1,4,"Baphia massaiensis"
"ABG_4","S5","4_563","4_563",3.2,80,6.8,1.2,1.7,3.8,"Burkea africana"
"ABG_4","S5","4_566","4_565",4,152,5.5,2.1,1.7,4.4,"Baphia massaiensis"
"ABG_4","S5","4_565","4_565",3.6,140,13.2,1.7,2.3,4.4,"Baphia massaiensis"
"ABG_4","S5","4_567","4_567",4.7,142,8.2,2.1,2.1,4.4,"Baphia massaiensis"
"ABG_4","S5","4_568","4_568",6.2,140,28.9,4.6,4.7,8.8,"Lonchocarpus nelsii"
"ABG_4","S5","4_564","4_564",3.8,189,6.3,1.4,1.4,3.6,"Burkea africana"
"ABG_4","S8","4_594","4_594",2.8,100,6.2,1,1,3,"Burkea africana"
"ABG_4","S8","4_596","4_596",6.2,350,37.2,6.3,6.5,12.4,"Baikiaea plurijuga"
"ABG_4","S8","4_597","4_597",5.7,5,7.3,1.5,1.6,4.2,"Baphia massaiensis"
"ABG_4","S8","4_598","4_597",5.7,5,5.2,1.5,1.6,4.2,"Baphia massaiensis"
"ABG_9","S1","9_11","9_9",4.2,11,49.2,1.2,8.7,16.6,"Baikiaea plurijuga"
"ABG_9","S1","9_10","9_9",4.6,8,26.1,7.7,7.6,9.2,"Baikiaea plurijuga"
"ABG_9","S1","9_9","9_9",5,8,48,8.7,10.6,9.6,"Baikiaea plurijuga"
"ABG_9","S1","9_8","9_8",5.2,28,20.9,3.8,5.1,7,"Baikiaea plurijuga"
"ABG_9","S6","9_27","9_27",4,270,37.2,7.3,7.8,10.6,"Baikiaea plurijuga"
"ABG_9","S6","9_26","9_26",9.1,150,41,9.5,8.4,10,"Baikiaea plurijuga"
"ABG_9","S7","9_38","9_38",1,330,23.8,4,2.8,10.6,"Baikiaea plurijuga"
"ABG_9","S7","9_39","9_38",0.9,309,29.2,4,6.5,10.6,"Baikiaea plurijuga"
"ABG_9","S7","9_40","9_40",6.8,300,25.6,4.5,7.5,8.8,"Julbernardia paniculata"
"ABG_9","S7","9_41","9_41",6.7,270,35.5,8,5.2,12.8,"Baikiaea plurijuga"
"ABG_9","S7","9_36","9_36",1.2,353,7.9,1.4,1.1,5.4,"Baphia massaiensis"
"ABG_9","S7","9_37","9_36",1.2,353,7.1,1.2,0.7,5.4,"Baphia massaiensis"
"ABG_9","S8","9_170","9_170",4.1,80,27,4.8,6,10.2,"Baikiaea plurijuga"
"ABG_9","S8","9_171","9_170",3.7,70,28,4.2,6.3,10.2,"Baikiaea plurijuga"
"ABG_9","S5","9_150","9_149",3.1,280,32,5.5,4.2,12.4,"Baikiaea plurijuga"
"ABG_9","S5","9_149","9_149",3,282,38.4,8,5.5,12.3,"Baikiaea plurijuga"
"ABG_9","S5","9_148","9_148",1.8,53,5.6,2,1.8,2,"Baphia massaiensis"
"ABG_9","S5","9_142","9_141",9,20,30,7.1,7.9,10.3,"Baikiaea plurijuga"
"ABG_9","S3","9_236","9_236",3.6,170,34,4,6.8,8.8,"Baikiaea plurijuga"
"ABG_9","S3","9_235","9_235",4.9,240,23.2,2.7,1.8,11.4,"Baikiaea plurijuga"
"ABG_9","S3","9_228","9_228",8.5,360,27,7.3,5,13.6,"Baikiaea plurijuga"
"ABG_9","S3","9_229","9_228",8.2,360,10.3,1.8,0.9,12,"Baikiaea plurijuga"
"ABG_9","S3","9_227","9_227",3,20,49.4,9.1,8.2,14,"Baikiaea plurijuga"
"ABG_9","S3","9_226","9_226",4.3,62,49.3,11.3,11.6,13.4,"Baikiaea plurijuga"
"ABG_9","S4","9_246","9_246",5.4,52,6.1,6,6,3.2,"Baphia massaiensis"
"ABG_9","S4","9_261","9_261",5,182,52.4,5.5,5.5,14,"Baikiaea plurijuga"
"ABG_9","S4","9_261","9_261",5,182,52.4,5.5,5.5,14,"Baikiaea plurijuga"
"ABG_9","S9","9_261","9_261",4.3,62,52.4,10.8,9.6,14,"Baikiaea plurijuga"
"ABG_9","S9","9_261","9_261",4.3,62,52.4,10.8,9.6,14,"Baikiaea plurijuga"
"ABG_9","S9","9_263","9_263",1.5,352,26,5.3,5.4,10,"Baikiaea plurijuga"
"ABG_10","S1","10_29","10_29",5,142,17.9,4.4,5.6,8.2,"Julbernardia paniculata"
"ABG_10","S1","10_9","10_6",4,71,11.8,3,3.5,3.4,"Pericopsis angolensis"
"ABG_10","S1","10_8","10_6",3.8,71,8.4,3,3.5,3.6,"Pericopsis angolensis"
"ABG_10","S1","10_7","10_6",3.8,71,6,3,3.5,2,"Pericopsis angolensis"
"ABG_10","S1","10_10","10_6",4.5,70,11.9,3,3.5,3.4,"Pericopsis angolensis"
"ABG_10","S1","10_13","10_13",3.1,12,7.9,1.4,1.5,4.2,"Burkea africana"
"ABG_10","S1","10_45","10_45",3,260,5,0.8,0.9,3.6,"Julbernardia paniculata"
"ABG_10","S2","10_69","10_69",0.9,70,8.1,1.5,1.7,2.6,"Combretum collinum"
"ABG_10","S2","10_64","10_64",6.6,90,16.1,6.2,5.8,10,"Julbernardia paniculata"
"ABG_10","S2","10_65","10_64",7,83,15.3,5.2,7.5,10,"Julbernardia paniculata"
"ABG_10","S2","10_72","10_70",3.1,300,19,6.6,9.7,12.6,"Julbernardia paniculata"
"ABG_10","S2","10_71","10_70",3.1,310,19.5,7.3,6.9,12.4,"Julbernardia paniculata"
"ABG_10","S2","10_70","10_70",3.8,320,22.9,5.5,5.7,12.4,"Julbernardia paniculata"
"ABG_10","S3","10_93","10_93",3,270,44.4,7.9,8,19.8,"Burkea africana"
"ABG_10","S3","10_97","10_97",5.3,240,5.6,0.5,0.5,1.8,"Pterocarpus angolensis"
"ABG_10","S3","10_100","10_97",5.6,252,19,5.8,7.7,10.4,"Pterocarpus angolensis"
"ABG_10","S3","10_99","10_97",5.6,252,12.1,5.8,3.8,10.2,"Pterocarpus angolensis"
"ABG_10","S3","10_98","10_98",6.2,280,18.1,3.7,1.2,10.2,"Pterocarpus angolensis"
"ABG_10","S3","10_96","10_96",5,242,5,1.1,1.2,4.8,"Terminalia brachystemma"
"ABG_10","S3","10_95","10_95",5,242,5.7,1.6,0.5,4.8,"Terminalia brachystemma"
"ABG_10","S4","10_287","10_287",1,335,5.6,1.4,2,4,"Terminalia sericea"
"ABG_10","S4","10_286","10_286",1.4,262,5.2,1.6,1.4,4,"Burkea africana"
"ABG_10","S4","10_285","10_285",2.8,212,6.6,1.9,1.6,4.2,"Burkea africana"
"ABG_10","S4","10_306","10_306",2,84,5.4,1,0.9,4,"Burkea africana"
"ABG_10","S4","10_307","10_307",1.9,76,5.1,0.7,0.9,4,"Burkea africana"
"ABG_10","S5","10_255","10_255",2.8,42,5.9,0.6,1.3,2.8,"Burkea africana"
"ABG_10","S5","10_254","10_254",4.7,58,29.8,6.6,6.3,13.4,"Julbernardia paniculata"
"ABG_10","S5","10_253","10_253",5,68,16.9,5.3,5.4,13.4,"Julbernardia paniculata"
"ABG_10","S5","10_240","10_240",5,296,5.4,1.6,1.2,4,"Burkea africana"
"ABG_10","S7","10_387","10_387",4.3,20,6.8,1.7,2.2,5,"Combretum collinum"
"ABG_10","S7","10_386","10_386",6,226,51.1,13,12.7,16.2,"Burkea africana"
"ABG_10","S8","10_441","10_441",2.7,292,10.7,4.1,4.8,5.8,"Terminalia brachystemma"
"ABG_10","S8","10_438","10_438",3.8,266,7.1,3.5,2.7,3.8,"Burkea africana"
"ABG_10","S8","10_432","10_431",4.7,270,11.9,5.3,3.9,5,"Terminalia sericea"
"ABG_10","S8","10_431","10_431",4.9,270,9,4.6,2.3,6.8,"Terminalia sericea"
"ABG_10","S8","10_454","10_454",3.9,15,7.5,2.5,2.5,4,"Combretum zeyheri"
"ABG_10","S8","10_451","10_451",3.1,32,6.7,0.7,0.6,4.8,"Pseudolachnostylis maprouneifolia"
"ABG_10","S8","10_452","10_452",3.6,22,7.5,0.8,0.8,4.6,"Pseudolachnostylis maprouneifolia"
"ABG_10","S8","10_453","10_452",3.5,22,6,0.8,0.4,4.8,"Pseudolachnostylis maprouneifolia"
"ABG_10","S8","10_456","10_456",4.1,22,8.1,1,1,5,"Pseudolachnostylis maprouneifolia"
"ABG_10","S8","10_457","10_457",4.4,86,6.9,1.3,1,4.8,"Pseudolachnostylis maprouneifolia"
"ABG_10","S8","10_450","10_450",2.1,100,6.9,1.3,3.9,2,"Burkea africana"
"ABG_10","S8","10_464","10_464",6.6,108,22,6.8,6.5,3.8,"Burkea africana"
"ABG_10","S9","10_490","10_490",3.1,242,9,0.4,2,3.2,"Burkea africana"
"ABG_10","S9","10_489","10_489",3.5,278,5,0.8,1,8.8,"Combretum collinum"
"ABG_10","S9","10_507","10_507",1.3,50,5.4,1.8,1.2,4.8,"Combretum hereroense"
"ABG_10","S9","10_508","10_508",5,98,5.2,1.2,0.4,3.8,"Combretum hereroense"
"ABG_11","S1","11_27","11_27",7,10,11.5,5.4,4,4.4,"Burkea africana"
"ABG_11","S1","11_25","11_24",6.3,360,8,2.1,2.8,12.4,"Brachystegia glaucescens"
"ABG_11","S1","11_26","11_26",7,351,27.5,7.5,7.3,13.2,"Burkea africana"
"ABG_11","S1","11_24","11_24",6.5,360,14,5.5,4.8,12.4,"Brachystegia glaucescens"
"ABG_11","S2","11_70","11_70",2.4,320,6.5,3.4,2.8,6,"Brachystegia glaucescens"
"ABG_11","S2","11_71","11_70",2.4,320,5.7,3.4,2.8,6,"Brachystegia glaucescens"
"ABG_11","S2","11_75","11_75",3.5,360,6.1,2,1.7,5.4,"Brachystegia glaucescens"
"ABG_11","S2","11_74","11_74",4.7,20,8.3,1.1,1.5,5.2,"Burkea africana"
"ABG_11","S2","11_73","11_73",5.7,22,5,1.4,1.8,NA,"Brachystegia glaucescens"
"ABG_11","S2","11_72","11_72",2.7,30,6.5,1.6,2.7,5.8,"Brachystegia glaucescens"
"ABG_11","S3","11_145","11_145",3.5,260,8.6,2.3,2.8,4.6,"Strychnos spinosa"
"ABG_11","S3","11_146","11_146",3.7,242,7,2.3,2.8,4.6,"Strychnos spinosa"
"ABG_11","S3","11_147","11_147",3.7,242,5.2,2.3,2.8,4.6,"Strychnos spinosa"
"ABG_11","S3","11_153","11_153",1.3,193,5,2.4,1.8,2.8,"Burkea africana"
"ABG_11","S3","11_152","11_152",1.7,69,5.3,2.2,2.3,3.6,"Baphia massaiensis"
"ABG_11","S3","11_154","11_154",2.2,60,5.3,2.7,1.9,3,"Baphia massaiensis"
"ABG_11","S3","11_156","11_156",6.2,53,18.5,9.7,10.1,11.8,"Brachystegia glaucescens"
"ABG_11","S3","11_157","11_157",6.2,53,14.2,9.7,10.1,11.8,"Brachystegia glaucescens"
"ABG_11","S3","11_151","11_151",0.7,70,8,2,2.1,6.8,"Strychnos pungens"
"ABG_11","S3","11_150","11_150",2.1,80,9.5,2.6,2.2,7,"Strychnos pungens"
"ABG_11","S3","11_149","11_149",3,140,5.1,2.3,2.1,5.2,"Brachystegia glaucescens"
"ABG_11","S3","11_132","11_132",5.6,90,9.2,3.5,4.5,5.8,"Brachystegia glaucescens"
"ABG_11","S3","11_131","11_131",6.1,100,14.2,6.1,7.6,11.4,"Brachystegia glaucescens"
"ABG_11","S3","11_148","11_148",4.1,151,7.6,1.9,2,4.2,"Burkea africana"
"ABG_11","S3","11_144","11_144",5,210,7.2,1.9,2.7,4.8,"Burkea africana"
"ABG_11","S3","11_143","11_143",5.5,290,6.5,2.1,2.2,6.4,"Brachystegia glaucescens"
"ABG_11","S4","11_532","11_532",3.8,70,5.5,1.3,1.6,5,"Burkea africana"
"ABG_11","S4","11_538","11_538",6.2,53,5,2.1,1.2,4.8,"Combretum collinum"
"ABG_11","S4","11_531","11_531",2.8,112,5,1.4,1.6,5.2,"Combretum collinum"
"ABG_11","S4","11_529","11_529",3.2,130,6,0.8,0.8,5,"Burkea africana"
"ABG_11","S4","11_530","11_529",3.4,130,5.5,1.3,1.6,5,"Burkea africana"
"ABG_11","S5","11_504","11_504",1.9,60,5.5,1.7,2.3,3.2,"Burkea africana"
"ABG_11","S5","11_503","11_502",1.6,350,22.3,6.1,8.4,15.8,"Brachystegia glaucescens"
"ABG_11","S5","11_502","11_502",1.8,350,13,6.1,8.4,15.8,"Brachystegia glaucescens"
"ABG_11","S5","11_499","11_499",5.3,332,26,6,7,15,"Brachystegia glaucescens"
"ABG_11","S5","11_500","11_500",4.7,20,15.8,4.2,4.8,7.2,"Brachystegia glaucescens"
"ABG_11","S5","11_501","11_500",5,20,27.3,11,8.4,16,"Brachystegia glaucescens"
"ABG_11","S5","11_495","11_495",7,290,16.7,4.3,3.9,8.4,"Brachystegia glaucescens"
"ABG_11","S5","11_494","11_494",2.6,230,11.5,3.1,3.5,7.8,"Brachystegia glaucescens"
"ABG_11","S5","11_492","11_492",4.8,200,12.2,4.4,3.1,11.4,"Brachystegia glaucescens"
"ABG_11","S5","11_491","11_491",4.5,232,10.2,5,3.4,7.2,"Brachystegia glaucescens"
"ABG_11","S5","11_490","11_488",2.8,170,21,3.8,4.5,13.6,"Brachystegia glaucescens"
"ABG_11","S5","11_489","11_488",3.5,183,21.8,2.2,3.6,13.6,"Brachystegia glaucescens"
"ABG_11","S5","11_488","11_488",3.8,152,20.6,1.4,0.8,7.4,"Brachystegia glaucescens"
"ABG_11","S5","11_487","11_487",4.4,120,7.6,4.5,5,9.8,"Brachystegia glaucescens"
"ABG_11","S5","11_485","11_484",4.8,120,10.8,3.7,4.2,9.8,"Brachystegia glaucescens"
"ABG_11","S5","11_486","11_484",4.8,120,20.1,3.7,4.2,9.8,"Brachystegia glaucescens"
"ABG_11","S5","11_505","11_505",3.9,92,5.5,1.2,1.2,1.6,"Brachystegia glaucescens"
"ABG_11","S6","11_422","11_422",3.8,71,18,3.6,4.3,13.4,"Brachystegia glaucescens"
"ABG_11","S6","11_421","11_421",5,10,8,3.1,3.5,3.5,"Combretum zeyheri"
"ABG_11","S6","11_419","11_419",5.3,350,17.7,3.1,4.9,11.6,"Brachystegia glaucescens"
"ABG_11","S6","11_418","11_418",5,350,16.6,4.7,3.5,11.6,"Brachystegia glaucescens"
"ABG_11","S6","11_402","11_402",2.5,170,11,2.6,3.8,11.2,"Brachystegia glaucescens"
"ABG_11","S6","11_404","11_403",5.3,240,13.5,4.7,4.7,5.4,"Baphia bequaerti"
"ABG_11","S6","11_403","11_403",5.4,270,10.6,2.7,5.4,5.4,"Baphia bequaerti"
"ABG_11","S6","11_401","11_401",3.1,180,17,2.5,4.7,7.8,"Brachystegia glaucescens"
"ABG_11","S6","11_400","11_400",3.6,180,16.5,2.5,4.7,11.2,"Brachystegia glaucescens"
"ABG_11","S6","11_399","11_398",5,128,13.8,4.6,4.5,14.6,"Brachystegia glaucescens"
"ABG_11","S6","11_423","11_423",4,100,11.1,4,3.6,8.6,"Brachystegia glaucescens"
"ABG_11","S6","11_424","11_424",4.3,90,8.3,3.1,2.8,8.6,"Brachystegia glaucescens"
"ABG_11","S7","11_705","11_705",3.4,335,17,3.9,3.4,9.8,"Brachystegia glaucescens"
"ABG_11","S7","11_706","11_705",3.4,338,13.5,4.1,3.7,9.8,"Brachystegia glaucescens"
"ABG_11","S7","11_708","11_707",4,310,10.2,4.1,2.6,7.8,"Brachystegia glaucescens"
"ABG_11","S7","11_707","11_707",3.7,340,12,2.8,3.1,7.8,"Brachystegia glaucescens"
"ABG_11","S7","11_704","11_704",2.3,40,5.5,2.2,2.7,4.2,"Brachystegia glaucescens"
"ABG_11","S7","11_702","11_701",4.8,40,14.2,4.4,2.5,9.6,"Brachystegia glaucescens"
"ABG_11","S7","11_701","11_701",5.1,33,10.2,2.5,3.8,9.6,"Brachystegia glaucescens"
"ABG_11","S7","11_693","11_693",3.7,30,17.8,3.2,2.6,5.8,"Brachystegia glaucescens"
"ABG_11","S7","11_694","11_694",3.7,30,20.8,3.2,2.6,5.8,"Brachystegia glaucescens"
"ABG_11","S7","11_695","11_695",3.5,140,19,4.2,5.1,12.2,"Brachystegia glaucescens"
"ABG_11","S7","11_696","11_696",1.8,142,19,7.7,5.8,12.2,"Brachystegia glaucescens"
"ABG_11","S7","11_697","11_697",2.2,130,17.5,5,4.7,12.2,"Brachystegia glaucescens"
"ABG_11","S7","11_692","11_692",5.5,100,5.5,2.7,1.8,4,"Brachystegia glaucescens"
"ABG_11","S8","11_712","11_712",2.4,210,19.3,5.3,4.6,9,"Brachystegia glaucescens"
"ABG_11","S8","11_713","11_712",2.2,210,15.5,3.3,5.1,9,"Brachystegia glaucescens"
"ABG_11","S9","11_739","11_739",2.6,303,12.2,2.5,2.5,8.2,"Brachystegia glaucescens"
"ABG_11","S9","11_740","11_740",2.8,322,12.6,4,2.7,8.2,"Brachystegia glaucescens"
"ABG_12","S1","12_32","12_32",8.8,50,45.2,10.5,7.8,12.2,"Baikiaea plurijuga"
"ABG_12","S1","12_14","12_14",3.2,80,6.4,1.2,1.2,2,"Ochna pulchra"
"ABG_12","S1","12_21","12_21",7.8,150,9.3,3.2,3.8,4.2,"Baphia massaiensis"
"ABG_12","S2","12_64","12_64",3.6,122,81.1,13.9,9.2,26,"Brachystegia glaucescens"
"ABG_12","S2","12_51","12_51",5.6,310,22.1,4.7,5.1,12.6,"Brachystegia glaucescens"
"ABG_12","S2","12_63","12_63",7.5,360,34,7.3,8.1,10.2,"Baikiaea plurijuga"
"ABG_12","S3","12_77","12_77",5.5,152,20.2,5.3,4.6,8.2,"Baikiaea plurijuga"
"ABG_12","S3","12_78","12_78",6.3,80,22.7,5,5.3,10.2,"Baikiaea plurijuga"
"ABG_12","S3","12_76","12_76",5.3,290,25.6,6.9,5.5,12.2,"Baikiaea plurijuga"
"ABG_12","S4","12_277","12_277",2.9,30,42.6,10.5,8.7,9.2,"Baikiaea plurijuga"
"ABG_12","S4","12_278","12_278",8,333,41,11,10,9.2,"Baikiaea plurijuga"
"ABG_12","S5","12_264","12_264",3.5,352,27,8.6,7.9,9,"Baikiaea plurijuga"
"ABG_12","S5","12_263","12_263",5.5,330,32.5,7,7.9,12.2,"Lonchocarpus nelsii"
"ABG_12","S5","12_265","12_265",5.9,20,32.1,8,7.3,9.4,"Baikiaea plurijuga"
"ABG_12","S5","12_266","12_266",6.3,92,41.9,10.7,9.1,8.2,"Baikiaea plurijuga"
"ABG_12","S5","12_256","12_256",6.7,270,21.1,4.8,7,15.8,"Brachystegia glaucescens"
"ABG_12","S5","12_259","12_259",4.4,190,5.6,1.5,1.3,5.2,"Erythrophleum africanum"
"ABG_12","S5","12_258","12_258",5.7,223,7.2,2,1.7,7,"Brachystegia glaucescens"
"ABG_12","S6","12_194","12_194",2.4,350,6.9,2.3,2.1,6,"Baphia massaiensis"
"ABG_12","S6","12_197","12_197",4.5,70,5.4,1.5,1.9,6.7,"Baphia massaiensis"
"ABG_12","S6","12_195","12_195",4.3,110,6.5,2.2,2,6.8,"Baphia massaiensis"
"ABG_12","S6","12_185","12_185",8.8,260,81.2,22,22.7,17.4,"Brachystegia glaucescens"
"ABG_12","S7","12_398","12_398",2.6,23,5.7,0.9,1.2,3.2,"Combretum collinum"
"ABG_12","S7","12_399","12_399",2.7,11,5.6,1.3,1.2,3.2,"Combretum collinum"
"ABG_12","S7","12_397","12_397",1.6,92,5.5,1.4,1.1,5.2,NA
"ABG_12","S7","12_396","12_396",3.2,82,15.9,3,2.8,6.8,"Combretum zeyheri"
"ABG_12","S7","12_395","12_395",5.8,111,12.2,3.5,1.8,5.8,"Combretum apiculatum"
"ABG_12","S7","12_385","12_385",4.2,243,9.8,2.5,2.2,7,"Baikiaea plurijuga"
"ABG_12","S7","12_384","12_384",5.8,193,15.4,3.8,3.1,7.4,"Erythrophleum africanum"
"ABG_12","S8","12_439","12_439",5.1,151,7.6,1.7,2,4.8,"Combretum collinum"
"ABG_12","S8","12_444","12_444",2.8,80,5,2.2,1.8,8.6,"Combretum apiculatum"
"ABG_12","S8","12_445","12_445",6.1,30,8.9,2.2,2.8,4.4,"Combretum apiculatum"
"ABG_12","S8","12_446","12_446",6.2,30,6.6,2,1.5,4.2,"Combretum apiculatum"
"ABG_12","S9","12_495","12_495",1.7,273,9,2.6,2.8,5.4,"Combretum apiculatum"
"ABG_12","S9","12_493","12_493",3.3,120,7.7,1.6,2.8,3.8,"Baphia bequaerti"
"ABG_12","S9","12_492","12_492",4.2,140,37.9,9.5,10.2,10.8,"Brachystegia glaucescens"
"ABG_12","S9","12_497","12_497",5.2,46,17,4,5.3,12.2,"Guibourtia coleosperma"
"ABG_12","S9","12_496","12_496",3.1,22,5.9,2,2.4,3.8,"Guibourtia coleosperma"
"ABG_15","S1","15_29","15_29",9.6,270,39.9,8.2,8.2,8.8,"Baikiaea plurijuga"
"ABG_15","S1","15_26","15_26",7.8,110,71.5,12.8,14.1,12.8,"Baikiaea plurijuga"
"ABG_15","S2","15_32","15_32",2.6,350,60.7,7.1,8.4,10.2,"Baikiaea plurijuga"
"ABG_15","S3","15_40","15_40",5.8,340,29,8.1,3.7,9.8,"Baikiaea plurijuga"
"ABG_15","S3","15_43","15_43",7.5,182,37.9,9.5,6.1,9.4,"Baikiaea plurijuga"
"ABG_15","S4","15_101","15_101",1.9,160,28.9,5.2,4.6,9,"Baikiaea plurijuga"
"ABG_15","S4","15_104","15_104",2.2,10,49.4,5.1,6.1,8.2,"Baikiaea plurijuga"
"ABG_15","S4","15_102","15_102",5.3,5,18.8,NA,NA,7.2,NA
"ABG_15","S5","15_97","15_97",9.4,304,38.3,7.8,5.5,11.8,"Baikiaea plurijuga"
"ABG_15","S6","15_79","15_79",1.2,172,28,3.8,3.8,10.6,"Baikiaea plurijuga"
"ABG_15","S6","15_78","15_78",4.4,140,23.2,2.3,3.6,9.8,"Baikiaea plurijuga"
"ABG_15","S6","15_80","15_80",4.1,80,22.7,3.8,6.2,9.8,"Baikiaea plurijuga"
"ABG_15","S6","15_83","15_83",10.6,352,36.1,7.5,7.3,8.4,"Baikiaea plurijuga"
"ABG_15","S7","15_165","15_165",5.5,250,29.5,5.7,4.5,12,"Baikiaea plurijuga"
"ABG_15","S7","15_166","15_166",6,302,8.7,7.7,1.9,4.8,"Baphia massaiensis"
"ABG_15","S7","15_168","15_168",5.5,332,39,4.8,5,12.4,"Baikiaea plurijuga"
"ABG_15","S7","15_147","15_147",7,130,37.6,8.5,8.4,12,"Baikiaea plurijuga"
"ABG_15","S7","15_148","15_148",6.5,60,39.5,8.4,7.6,12.8,"Baikiaea plurijuga"
"ABG_15","S8","15_174","15_174",4.4,323,18.5,NA,NA,1.8,NA
"ABG_15","S9","15_182","15_182",4.4,93,20,NA,NA,1.6,NA
"ABG_14","S1","14_13","14_12",2.4,20,7.1,1.6,1.6,2.4,"Baphia bequaerti"
"ABG_14","S1","14_19","14_19",4,42,7.9,1.8,1.8,6,"Julbernardia paniculata"
"ABG_14","S1","14_9","14_9",5.1,110,9,1.9,2.2,3,"Baphia bequaerti"
"ABG_14","S1","14_8","14_8",4.9,120,27.1,5.2,5.2,7.2,"Burkea africana"
"ABG_14","S2","14_39","14_39",2.5,280,24.6,10.8,10.2,8,"Julbernardia paniculata"
"ABG_14","S2","14_40","14_40",2.5,312,15.3,3.4,3.8,8,"Julbernardia paniculata"
"ABG_14","S2","14_38","14_38",3.8,310,15.6,3.2,7.1,8.5,"Julbernardia paniculata"
"ABG_14","S2","14_41","14_41",2.8,20,9.5,NA,NA,2.8,NA
"ABG_14","S2","14_37","14_37",7.2,274,21.2,7.8,8.2,8.8,"Julbernardia paniculata"
"ABG_14","S3","14_71","14_71",4,280,13.3,13.8,4.1,5.8,"Julbernardia paniculata"
"ABG_14","S3","14_73","14_72",1.3,42,5.2,1.3,1.3,2.2,"Baphia bequaerti"
"ABG_14","S3","14_72","14_72",1.2,42,5.4,1.3,1.3,2.2,"Baphia bequaerti"
"ABG_14","S3","14_74","14_74",5.4,40,11.6,3.1,3.8,6.4,"Julbernardia paniculata"
"ABG_14","S3","14_98","14_98",5.8,52,7.2,1.9,1.8,3.6,"Julbernardia paniculata"
"ABG_14","S3","14_67","14_67",4.5,110,11,1.6,2.1,4.2,"Pterocarpus angolensis"
"ABG_14","S3","14_66","14_65",5,120,10.4,2.1,1.8,4.2,"Pterocarpus angolensis"
"ABG_14","S4","14_218","14_218",4.9,20,5.1,1.5,1.3,2.4,"Pseudolachnostylis maprouneifolia"
"ABG_14","S5","14_197","14_197",6.8,352,51,15.1,15.1,11.4,"Julbernardia paniculata"
"ABG_14","S5","14_199","14_198",3.5,311,22.8,5.1,4.5,10.2,"Pterocarpus angolensis"
"ABG_14","S5","14_198","14_198",3.5,300,21,4.8,4.5,10.2,"Pterocarpus angolensis"
"ABG_14","S5","14_191","14_191",2.7,290,9.1,1.9,2.3,2.2,"Diplorhynchus condylocarpon"
"ABG_14","S5","14_193","14_193",2.2,80,7.9,1.2,1.4,4.8,"Diplorhynchus condylocarpon"
"ABG_14","S5","14_194","14_194",1.2,170,8,1.9,1.4,4.6,"Diplorhynchus condylocarpon"
"ABG_14","S5","14_195","14_194",1.2,170,8,1.8,1.5,5,"Diplorhynchus condylocarpon"
"ABG_14","S6","14_171","14_171",3.8,30,6.7,2.2,2.2,3.6,"Julbernardia paniculata"
"ABG_14","S6","14_172","14_172",3.2,20,9.7,2.4,2.4,4,"Julbernardia paniculata"
"ABG_14","S6","14_173","14_173",2.4,370,23.6,5.4,6.3,6.2,"Julbernardia paniculata"
"ABG_14","S6","14_174","14_174",4.5,300,18,4.8,4.3,5.8,"Baphia bequaerti"
"ABG_14","S6","14_164","14_164",5.3,98,9.2,2.2,2.4,4.4,"Julbernardia paniculata"
"ABG_14","S6","14_167","14_167",5.2,62,7.8,1.7,1.6,3.4,"Julbernardia paniculata"
"ABG_14","S7","14_312","14_312",2.1,70,32.2,6.9,10.1,8.4,"Julbernardia paniculata"
"ABG_14","S7","14_310","14_310",4.3,90,14.4,2,3.1,6,"Pterocarpus angolensis"
"ABG_14","S7","14_311","14_310",4.1,100,11.6,1.9,3.1,6,"Pterocarpus angolensis"
"ABG_14","S7","14_313","14_313",4.2,120,13.7,4.6,4.7,8.4,"Julbernardia paniculata"
"ABG_14","S8","14_333","14_333",3.5,222,14.1,3.4,4,8,"Pterocarpus angolensis"
"ABG_14","S8","14_337","14_337",7,10,11.7,2.3,2.7,7,"Diplorhynchus condylocarpon"
"ABG_14","S8","14_339","14_339",7.3,24,15.2,3.9,3.7,7,"Diplorhynchus condylocarpon"
"ABG_14","S9","14_374",NA,3.6,333,NA,4.1,3,NA,NA
"ABG_14","S9","14_228","14_227",6,0,5.3,0.6,1,3.2,"Burkea africana"
"ABG_13","S1","13_9","13_8",5.3,310,32.5,4.4,7.4,8.8,"Lonchocarpus nelsii"
"ABG_13","S1","13_221",NA,3,360,NA,1,1.1,NA,NA
"ABG_13","S2","13_19","13_19",4.3,10,31.7,3.2,3.6,6.6,"Baikiaea plurijuga"
"ABG_13","S3","13_27","13_27",2.6,130,6,1,1.1,3.6,"Combretum sp. plot_13"
"ABG_13","S3","13_29","13_28",5.2,360,5.8,2.1,1.9,2,"Baphia massaiensis"
"ABG_13","S3","13_30","13_30",4.3,213,6.2,1.3,1,2.8,NA
"ABG_13","S3","13_28","13_28",5.2,360,6.8,2.1,1.9,2,"Baphia massaiensis"
"ABG_13","S4","13_108","13_108",3.2,60,25,NA,NA,7,NA
"ABG_13","S5","13_93","13_93",2.5,150,54.4,9.8,10.2,13.2,"Baikiaea plurijuga"
"ABG_13","S6","13_161","13_161",9.9,40,51.7,10.7,9.1,11.4,"Baikiaea plurijuga"
"ABG_13","S8","13_189",NA,1.8,120,NA,2.8,2,NA,NA
"ABG_13","S8","13_186","13_186",5.2,131,6.9,0.9,0.9,2.8,"Baphia massaiensis"
"ABG_13","S8","13_188","13_188",3.3,140,5.5,2,1.3,4.2,"Baphia massaiensis"
"ABG_13","S8","13_187","13_187",3.7,140,6.4,NA,NA,4.2,"Baphia massaiensis"
"ABG_13","S9","13_207","13_207",2.3,50,6.5,1.3,1.5,2.6,"Baphia massaiensis"
"ABG_13","S9","13_206","13_205",2.8,40,14.1,1.9,2.9,6.4,"Baphia massaiensis"
"ABG_13","S9","13_205","13_205",3,52,7.1,2,2.1,4.2,"Baphia massaiensis"
"ABG_13","S9","13_204","13_204",3.4,23,13.6,2.7,3,4.2,"Baphia massaiensis"
"ABG_13","S9","13_203","13_203",4,32,67.9,16.7,17.3,14.6,"Baikiaea plurijuga"
"ABG_13","S9","13_209","13_209",4.5,220,7.1,1,0.8,4.2,"Baphia massaiensis"
"ABG_13","S9","13_208","13_208",4.8,270,6.8,1,0.8,2.4,"Baphia massaiensis"
"TKW_19","S1","N44A","N44A",2.4,81,8.7,4.7,4.7,6.6,"Combretum apiculatum"
"TKW_19","S1","N45","N45",4.9,81,14.4,5.9,8.2,4.8,"Diplorhynchus condylocarpon"
"TKW_19","S1","N46","N45",4.9,118,11.8,5.9,8.2,4.8,"Diplorhynchus condylocarpon"
"TKW_19","S1","N48","N48",8.9,161,9,5.3,5.2,4.9,"Diplorhynchus condylocarpon"
"TKW_19","S1","N44","N44",4,242,16,3.3,2.5,2.5,"Diplorhynchus condylocarpon"
"TKW_19","S1","N39","N39",5.2,310,15,10.2,5.8,4.8,"Diplorhynchus condylocarpon"
"TKW_19","S1","N38","N39",5.2,310,12,10.2,5.8,4.8,"Diplorhynchus condylocarpon"
"TKW_19","S1","N40","N39",5.2,310,13.8,10.2,5.8,4.7,"Diplorhynchus condylocarpon"
"TKW_19","S1","N31","N31",10.3,312,13.5,13.1,12.8,21.8,"Julbernardia globiflora"
"TKW_19","S2","P76","P76",4.2,50,15.3,4.8,4.7,7,"Brachystegia boehmii"
"TKW_19","S2","P81","P81",7.2,189,13.1,6.5,8.8,6.6,"Diplorhynchus condylocarpon"
"TKW_19","S2","P83","P81",7.2,189,11.2,6.5,8.8,6.6,"Diplorhynchus condylocarpon"
"TKW_19","S2","P84","P81",7.2,189,8,6.5,8.8,6.6,"Diplorhynchus condylocarpon"
"TKW_19","S2","P82","P81",7.2,189,16.9,6.5,8.8,6.6,"Diplorhynchus condylocarpon"
"TKW_19","S2","P63","P63",2.2,260,8.6,4,4.1,3.2,"Diplorhynchus condylocarpon"
"TKW_19","S2","P64","P63",2.2,260,7.7,4,4.1,3.2,"Diplorhynchus condylocarpon"
"TKW_19","S2","P65","P63",2.2,260,7.4,4,4.1,3.2,"Diplorhynchus condylocarpon"
"TKW_19","S2","P69","P69",5.4,336,9,4.8,2.5,5.4,"Diplorhynchus condylocarpon"
"TKW_19","S3","Q94","Q94",6.1,18,37,11.4,8.5,12.2,"Combretum collinum"
"TKW_19","S3","Q91","Q91",6.7,25,6.4,3.3,3.5,3,"Diplorhynchus condylocarpon"
"TKW_19","S3","Q92","Q91",6.7,25,6.1,3.3,3.5,3,"Diplorhynchus condylocarpon"
"TKW_19","S3","Q41","Q41",13,235,37.6,27,13.3,19.4,"Indet indet"
"TKW_19","S4","R18","R18",6.9,40,23,8.7,7.1,15.8,"Brachystegia boehmii"
"TKW_19","S4","R19","R19",5.6,91,49.4,18.3,17.4,16.8,"Brachystegia boehmii"
"TKW_19","S4","Q80","Q80",5.7,208,12.7,3.5,3.2,3.6,"Combretum zeyheri"
"TKW_19","S4","Q82","Q82",4.8,282,22.5,3.1,3.3,6.8,"Diospyros fischeri"
"TKW_19","S4","Q51","Q51",7.6,295,50.6,18.5,16,19.2,"Julbernardia paniculata"
"TKW_19","S5","P53","P53",2.8,2,9.2,3.1,4.2,6.8,"Diospyros fischeri"
"TKW_19","S5","P90","P90",5.7,34,39.6,12.3,11.5,12.6,"Brachystegia boehmii"
"TKW_19","S5","P92","P92",4.9,152,9.7,2.3,0.9,16.4,"Diospyros fischeri"
"TKW_19","S5","P50","P50",2.9,262,8.6,2,5.2,2.6,"Diplorhynchus condylocarpon"
"TKW_19","S5","P55","P55",1.6,338,9.8,2,1.9,5.8,"Diplorhynchus condylocarpon"
"TKW_19","S5","P58","P58",5,339,63.9,17,14,16.1,"Brachystegia boehmii"
"TKW_19","S6","N60","N60",2.8,330,10.2,4.2,2.4,2.4,"Diplorhynchus condylocarpon"
"TKW_19","S6","N20","N20",7.8,320,43.6,12.4,11.4,12.2,"Brachystegia boehmii"
"TKW_19","S6","N17","N17",7.8,242,13.4,7.3,5.7,4.4,"Diplorhynchus condylocarpon"
"TKW_19","S6","N61","N61",4,220,8.6,2.7,3.5,15.2,"Diplorhynchus condylocarpon"
"TKW_19","S7","N66","N66",3.1,62,17.2,5.2,7.1,6,"Diplorhynchus condylocarpon"
"TKW_19","S7","N67","N66",3.1,62,7.9,5.2,7.1,6,"Diplorhynchus condylocarpon"
"TKW_19","S7","N65A","N65A",4.9,18,6.1,3.1,1.8,3.2,"Diplorhynchus condylocarpon"
"TKW_19","S7","N65","N65",5.1,16,16,4.2,2.7,11.8,"Indet indet"
"TKW_19","S7","N71","N71",4.2,162,14.4,4.3,4,5.2,"Diplorhynchus condylocarpon"
"TKW_19","S7","N80A","N80",2,130,9.8,4,4.3,6,"Diplorhynchus condylocarpon"
"TKW_19","S7","N80","N80",2,130,16.2,4,4.3,6,"Flacourtia indica"
"TKW_19","S8","P44","P44",6,340,8.9,4.8,5.4,4,"Diplorhynchus condylocarpon"
"TKW_19","S8","P45","P44",6,340,8.8,4.8,5.4,4,"Diplorhynchus condylocarpon"
"TKW_19","S8","P43","P44",6,340,6.4,4.8,5.4,4,"Diplorhynchus condylocarpon"
"TKW_19","S8","P42","P44",6,340,10.6,4.8,5.4,4,"Diplorhynchus condylocarpon"
"TKW_19","S9","R44","R44",4.9,62,21.1,7.1,8.3,8.4,"Pseudolachnostylis maprouneifolia"
"TKW_19","S9","Q66","Q66",6.3,140,9.6,3.1,13.4,3.4,"Combretum zeyheri"
"TKW_19","S9","Q69","Q69",3.9,290,6.8,5.5,5.6,4,"Diplorhynchus condylocarpon"
"TKW_19","S9","Q68","Q69",3.9,290,8.8,5.5,5.6,4,"Diplorhynchus condylocarpon"
"TKW_19","S9","Q67","Q69",3.9,290,7.6,5.5,5.6,4,"Diplorhynchus condylocarpon"
"TKW_10","S2","Y99B","Y99",5.2,NA,6.4,2.5,2.3,4,"NA NA"
"TKW_10","S2","Y98A","Y98",4.5,NA,5.4,2.6,3.1,1.4,"Acacia nilotica"
"TKW_10","S2","Z11","Z11",3.3,NA,7.4,2,1.8,1.2,"Acacia nilotica"
"TKW_10","S2","Z35","Z35",8.2,NA,14.1,8.2,7.9,4.6,"NA NA"
"TKW_10","S2","Z36","Z35",8.2,NA,18.7,8.2,7.9,4.6,"NA NA"
"TKW_10","S2","Z8A","Z35",8.2,NA,8.9,8.2,7.9,4.6,"NA NA"
"TKW_10","S3","Z94","Z94",3.2,NA,10.3,4.1,1.4,4.6,"Parinari curatellifolia"
"TKW_10","S3","Z93","Z93",3.4,NA,8.4,1.8,2.2,3.8,"NA NA"
"TKW_10","S3","Z92","Z92",2.2,NA,6.9,2.1,1.9,3.4,"NA NA"
"TKW_10","S3","Z91","Z91",2.9,NA,9.6,4.7,4.7,4.6,"Isolona sp."
"TKW_10","S3","Z89","Z91",2.9,NA,15,4.7,4.7,4.6,"Isolona sp."
"TKW_10","S3","Z90","Z91",2.9,NA,16.7,4.7,4.7,4.6,"Isolona sp."
"TKW_10","S4","Z80","Z80",1.2,NA,8,3.4,4.5,3.6,"Acacia nilotica"
"TKW_10","S4","Z79","Z80",1.2,NA,6.9,3.4,4.5,3.6,"Acacia nilotica"
"TKW_10","S4","Z79A","Z80",1.2,NA,5.9,3.4,4.5,3.6,"Acacia nilotica"
"TKW_10","S4","Z75","Z75",2.2,NA,5.8,2.4,2.7,2.6,"Acacia nilotica"
"TKW_10","S4","Z76A","Z76",2.2,NA,8.1,3.7,4.8,3,"Parinari curatellifolia"
"TKW_10","S4","Z76","Z76",2.2,NA,10.6,3.7,4.8,3,"Parinari curatellifolia"
"TKW_10","S4","Z78","Z78",2.2,NA,8.1,2.8,4.3,3.8,"NA NA"
"TKW_10","S4","Z81","Z81",4.7,NA,7.1,2.8,2.6,2.6,"NA NA"
"TKW_10","S4","Z81A","Z81",4.7,NA,6.1,2.8,2.6,2.6,"Combretum apiculatum"
"TKW_10","S5","Z14","Z14",4.6,NA,7.2,2.5,2.9,3.4,"NA NA"
"TKW_10","S5","Z16","Z14",4.6,NA,5.8,2.5,2.9,3.4,"NA NA"
"TKW_10","S5","Z14A","Z14",6.7,NA,6.2,3.7,3.4,3,"Acacia nilotica"
"TKW_10","S7","Y43","Y43",3.6,NA,7.1,4.3,4.9,3.6,"NA NA"
"TKW_10","S7","Y42","Y43",3.6,NA,12.1,4.3,4.9,3.6,"NA NA"
"TKW_10","S7","Y44","Y44",5.6,NA,22.7,7.8,7.4,7,"NA NA"
"TKW_10","S9","Z66A","Z66A",4.8,NA,5.6,1.1,1.4,3.2,"Combretum apiculatum"
"TKW_21","S1","X16","X16",5.7,NA,23.6,6.2,5.8,7.8,"Combretum apiculatum"
"TKW_21","S1","X04","X04",10.2,NA,50.2,18.5,16.7,8.4,"Millettia stuhlmannii"
"TKW_21","S1","X21","X21",2.4,NA,38.7,17.2,11.9,12.6,"Millettia stuhlmannii"
"TKW_21","S1","X22","X21",2.4,NA,20.3,17.2,11.9,12.6,"Millettia stuhlmannii"
"TKW_21","S1","X23","X21",2.4,NA,21,17.2,11.9,12.6,"Millettia stuhlmannii"
"TKW_21","S1","X19","X19",2.1,NA,16,5.8,5.4,5.4,"Combretum apiculatum"
"TKW_21","S1","X19A","X19",2.1,NA,8.7,5.8,5.4,5.4,"Combretum apiculatum"
"TKW_21","S2","A92","A92",1.6,NA,28.6,5.6,8.7,7.2,"Combretum apiculatum"
"TKW_21","S2","A94","A94",3.4,NA,6.9,3.7,4.6,4.8,"Diplorhynchus condylocarpon"
"TKW_21","S2","B2","B2",6.5,NA,7.3,2.7,6.2,5.6,"Diplorhynchus condylocarpon"
"TKW_21","S2","B3","B2",6.5,NA,12.6,2.7,6.2,5.6,"Diplorhynchus condylocarpon"
"TKW_21","S2","B1","B1",6.7,NA,23,6,9.7,10,"Pterocarpus angolensis"
"TKW_21","S2","B44","B44",4.4,NA,11.8,4.2,4.7,5.2,"Diplorhynchus condylocarpon"
"TKW_21","S2","B45","B45",4.3,NA,6.2,3.9,4.5,3,"Diplorhynchus condylocarpon"
"TKW_21","S2","A49","A49",1,NA,17.8,2.6,7.7,8.2,"Pseudolachnostylis maprouneifolia"
"TKW_21","S2","A50","A49",1,NA,9.3,2.6,7.7,8.2,"Pseudolachnostylis maprouneifolia"
"TKW_21","S2","A51","A49",1,NA,8.1,18.5,7.7,8.2,"Pseudolachnostylis maprouneifolia"
"TKW_21","S2","A52","A52",2.8,NA,5.7,4,4.9,6,"Diplorhynchus condylocarpon"
"TKW_21","S2","A53","A52",2.8,NA,7.6,4,4.9,6,"Diplorhynchus condylocarpon"
"TKW_21","S2","A54","A54",3.8,NA,7.9,5.7,4.3,4.2,"Diplorhynchus condylocarpon"
"TKW_21","S2","A90","A90",3.7,NA,6.7,3.3,4.6,4.8,"Diplorhynchus condylocarpon"
"TKW_21","S2","A84","A84",9.8,NA,38.2,14.7,16.2,15.6,"Pterocarpus angolensis"
"TKW_21","S2","A83","A84",9.8,NA,9.8,14.7,16.2,15.6,"Pterocarpus angolensis"
"TKW_21","S2","A85","A84",9.8,NA,21.2,14.7,16.2,15.6,"Pterocarpus angolensis"
"TKW_21","S3","D77","D77",3,NA,8,3.6,4,6.8,"Vitex indet"
"TKW_21","S3","D78","D77",3,NA,10.7,3.6,4,6.8,"Vitex indet"
"TKW_21","S3","D81","D81",4.2,NA,14.6,3.4,7.4,10.6,"Aganope stuhlmannii"
"TKW_21","S3","D82","D81",4.2,NA,10.2,3.4,7.4,10.6,"Aganope stuhlmannii"
"TKW_21","S3","D80","D80",6,NA,8.5,3.7,4.6,6.8,"Diplorhynchus condylocarpon"
"TKW_21","S3","D80A","D80",6,NA,5.4,3.7,4.6,6.8,"Diplorhynchus condylocarpon"
"TKW_21","S3","E06","E06",5.9,NA,18.5,7.6,5.8,11.2,"Combretum collinum"
"TKW_21","S3","D71","D71",1.2,NA,9,3.6,3,5.4,"Combretum apiculatum"
"TKW_21","S3","D70B","D70B",2,NA,6.9,3.2,4.7,5.4,"Pseudolachnostylis maprounifolia"
"TKW_21","S3","D70","D70",3.7,NA,25.8,9.1,7.8,9.4,"Vachellia nilotica"
"TKW_21","S3","D70A","D70A",4.6,NA,7.6,3.8,3.5,5.4,"Combretum apiculatum"
"TKW_21","S3","D68","D68",7.7,NA,35.2,8.5,10,18,"Senegalia polyacantha"
"TKW_21","S3","D74","D74",3.1,NA,8.3,5,4.6,3.5,"Diplorhynchus condylocarpon"
"TKW_21","S3","D75","D74",3.1,NA,6.8,5,4.6,3.5,"Diplorhynchus condylocarpon"
"TKW_21","S3","D79","D79",3.8,NA,13.1,4.8,5.1,16.6,"Combretum apiculatum"
"TKW_21","S3","D96","D96",12.2,NA,51.3,17.4,16.5,20.2,"Julbernardia paniculata"
"TKW_21","S4","D49","D49",3.2,NA,20.2,5.8,7.8,7,"Margaritaria discoidea"
"TKW_21","S4","D48","D48",2,NA,17.8,4.6,4.8,6.8,"Ochna holstii"
"TKW_21","S4","D47","D47",4.7,NA,26.3,9.4,9,12,"Pseudolachnostylis maprouneifolia"
"TKW_21","S4","D44","D44",5.6,NA,10.4,4.7,6,7,"Diplorhynchus condylocarpon"
"TKW_21","S4","D45","D45",3.2,NA,19.1,7.5,5.2,7.4,"Pseudolachnostylis maprouneifolia"
"TKW_21","S4","D46","D46",1.7,NA,8.8,4.1,2.8,4.6,"Ochna holstii"
"TKW_21","S4",NA,NA,9.6,NA,50.1,19.7,18.5,15.2,"Pseudolachnostylis maprouneifolia"
"TKW_21","S5","B25","B25",3.2,NA,13.3,5.7,4.6,5.8,"Pseudolachnostylis maprouneifolia"
"TKW_21","S5","B24","B24",2.8,NA,34.7,12.2,12.4,15.8,"Millettia stuhlmannii"
"TKW_21","S5","A22","A22",6.5,NA,17.9,6.9,10.7,10,"Gymnosporia senegalensis"
"TKW_21","S5","A23","A22",6.5,NA,16,6.9,10.7,10,"Gymnosporia senegalensis"
"TKW_21","S7","X87","X87",2.3,NA,9,18,3.4,4.2,"Strychnos cocculoides"
"TKW_21","S7","X84","X84",3.2,NA,14.3,6.1,5.2,5.6,"Indet indet"
"TKW_21","S7","X85","X84",3.2,NA,14,6.1,5.2,5.6,"Indet indet"
"TKW_21","S7","X83","X83",4.7,NA,15.2,6.8,8.7,8.2,"Gymnosporia senegalensis"
"TKW_21","S7","X90","X90",2,NA,8.4,2.5,2,5.2,"Indet indet"
"TKW_21","S7","X91","X91",4.4,NA,8,3.2,2.2,3.4,"Combretum apiculatum"
"TKW_21","S7",NA,NA,4.8,NA,26.4,8.4,7.5,8,"Lannea schweinfurthii var. stuhlmanii"
"TKW_21","S7","X93","X93",3.9,NA,14,4.4,4,8.8,"Millettia stuhlmannii"
"TKW_21","S7","X93A","X93",3.9,NA,8,4.4,4,8.8,"Millettia stuhlmannii"
"TKW_21","S8","Z81","Z81",1.9,NA,12.6,4.7,5.3,7.4,"Pseudolachnostylis maprouneifolia"
"TKW_21","S8","Z82","Z82",5,NA,12.7,7.5,9.3,6.8,"Gymnosporia senegalensis"
"TKW_21","S8","B40","B40",4.2,NA,15.4,3.3,4.2,7,"Pseudolachnostylis maprouneifolia"
"TKW_21","S8","B43","B43",6,NA,23.4,4.9,6.2,10.2,"Pseudolachnostylis maprouneifolia"
"TKW_21","S8","Z77","Z77",3.9,NA,12.9,5,4.4,6,"Pseudolachnostylis maprouneifolia"
"TKW_21","S8","Z78","Z78",3.6,NA,5.7,5,4.3,3.4,"Diplorhynchus condylocarpon"
"TKW_21","S8","Z79","Z78",3.6,NA,9.3,5,4.3,3.4,"Diplorhynchus condylocarpon"
"TKW_21","S8","Z80","Z78",3.6,NA,10.4,5,4.3,3.4,"Diplorhynchus condylocarpon"
"TKW_21","S9","D28","D28",4.4,NA,8.6,5.5,3.7,5,"Diplorhynchus condylocarpon"
"TKW_21","S9","D28A","D28",4.4,NA,7.9,5.5,3.7,5,"Diplorhynchus condylocarpon"
"TKW_21","S9","D27","D27",7.3,NA,30.7,11.5,12.9,10.4,"Pterocarpus angolensis"
"TKW_21","S9","D26","D26",5.8,NA,15.4,5.6,5.6,5.4,"Pseudolachnostylis maprouneifolia"
"TKW_21","S9","D30","D30",5.8,NA,21,7.6,5.3,8.4,"Lannea schweinfurthii"
"TKW_9","S1","R41","R41",2.2,NA,7.2,2.6,4,2.8,"Diplorhynchus condylocarpon"
"TKW_9","S1","R43","R43",6,NA,32.9,11.8,11.4,11.4,"Burkea africana"
"TKW_9","S1","R39","R39",5.1,NA,12.4,4.7,6.3,4.7,"Diplorhynchus condylocarpon"
"TKW_9","S1","R33","R39",5.1,NA,11.2,4.7,6.3,4.7,"Diplorhynchus condylocarpon"
"TKW_9","S1","R34","R39",5.1,NA,11.3,4.7,6.3,4.7,"Diplorhynchus condylocarpon"
"TKW_9","S2","T92","T92",3.4,NA,7,1.3,1,4.8,"Combretum apiculatum"
"TKW_9","S2","T93","T93",5.4,NA,18.8,5.5,3.6,4,"Diplorhynchus condylocarpon"
"TKW_9","S2","T94","T93",5.4,NA,10.2,5.5,3.6,4,"Diplorhynchus condylocarpon"
"TKW_9","S3","W50","W50",5,NA,14.4,5.4,4.6,8.6,"Combretum collinum"
"TKW_9","S3","W53","W53",5.2,NA,13.2,7.8,12.9,4.6,"Flacourtia indica"
"TKW_9","S3","W51","W53",5.2,NA,10.8,7.8,12.9,4.6,"Flacourtia indica"
"TKW_9","S3","W52","W53",5.2,NA,9.6,7.8,12.9,4.6,"Flacourtia indica"
"TKW_9","S3","W58","W58",7.3,NA,35.6,11.2,12.6,14.6,"Pseudolachnostylis maprouneifolia"
"TKW_9","S3","W49","W49",3,NA,6.2,2.4,2.4,3,"Diplorhynchus condylocarpon"
"TKW_9","S4","W28","W28",2.3,NA,7.6,17.4,14.1,7.4,"Indet indet"
"TKW_9","S5","U24","U24",1.4,NA,19.9,6.3,6.1,14.8,"Combretum collinum"
"TKW_9","S5","U23","U23",3.2,NA,31.1,7.6,10.6,13.8,"Pseudolachnostylis maprouneifolia"
"TKW_9","S5","U33","U33",7.5,NA,34.8,8.8,11.8,7.8,"Bobgunnia madagascariensis"
"TKW_9","S5","U31","U31",5.7,NA,27.5,14.8,4.4,14,"Julbernardia paniculata"
"TKW_9","S5","U30","U30",3.7,NA,47.2,13.9,12.7,16.4,"Julbernardia paniculata"
"TKW_9","S5","T72","T72",3.8,NA,32.3,10.3,8.2,9.2,"Strychnos cocculoides"
"TKW_9","S5","T73","T73",2,NA,17.4,2.8,4.4,9,"Combretum collinum"
"TKW_9","S6","R73","R73",4.3,NA,9,5.7,5.7,4.6,"Diplorhynchus condylocarpon"
"TKW_9","S6","R74","R73",4.3,NA,6.8,5.7,5.7,4.6,"Diplorhynchus condylocarpon"
"TKW_9","S6","R75","R73",4.3,NA,8,5.7,5.7,4.6,"Diplorhynchus condylocarpon"
"TKW_9","S6","R76","R73",4.2,NA,9.4,5.7,5.7,4.6,"Diplorhynchus condylocarpon"
"TKW_9","S6","R66","R66",6.3,NA,14,4.4,6,4.8,"Diplorhynchus condylocarpon"
"TKW_9","S6","R64A","R66",6.3,NA,6,4.4,6,4.8,"Diplorhynchus condylocarpon"
"TKW_9","S6","R71","R71",5.2,NA,11,3.9,4.4,3.5,"Diplorhynchus condylocarpon"
"TKW_9","S6","R70","R71",5.2,NA,6.6,3.9,4.4,3.5,"Diplorhynchus condylocarpon"
"TKW_9","S7","R91","R91",5.2,NA,7.9,2.2,1.3,3.4,"Diplorhynchus condylocarpon"
"TKW_9","S7","R90","R90",5.2,NA,25.5,4.6,3.9,12.6,"Combretum collinum"
"TKW_9","S7","R89","R89",4.3,NA,10.8,3.8,5.2,3.8,"Diplorhynchus condylocarpon"
"TKW_9","S8","U70","U70",3.3,NA,9.9,3.6,3.6,5,"Combretum zeyheri"
"TKW_9","S8","U71","U71",5.7,NA,26.2,4.2,5.3,6.7,"Combretum collinum"
"TKW_9","S8","U73","U73",9.1,NA,40.8,9.8,12.1,10.8,"Strychnos cocculoides"
"TKW_9","S8","U68","U68",5,NA,13,5.7,5.2,8,"Combretum collinum"
"TKW_9","S8","U69","U69",5,NA,8.9,3.8,2.7,3.4,"Ochna holstii"
"TKW_9","S9","W01","W01",2.6,NA,29.6,9.1,6.2,9.4,"Burkea africana"
"TKW_9","S9","W02","W02",2.6,NA,12.3,3,2.1,5,"Indet indet"
"TKW_9","S9","W03","W03",4.6,NA,14.7,4,5.4,9,"Pseudolachnostylis maprouneifolia"
"TKW_9","S9","W04","W04",5.8,NA,7.3,4.3,2.9,4.6,"Margaritaria discoidea"
"TKW_9","S9","W06","W06",6.6,NA,8.9,4.9,3,5,"Pseudolachnostylis maprouneifolia"
"TKW_9","S9","W99","W99",4.6,NA,9.9,3.9,2.5,8.7,"Combretum collinum"
"TKW_9","S9","V82","V82",5.8,NA,16.8,4,6.3,7.8,"Combretum apiculatum"
"TKW_9","S9","V82B","V82",5.8,NA,7.5,4,6.3,7.8,"NA NA"
"TKW_9","S9","V82A","V82",5.8,NA,7.2,4,6.3,7.8,"NA NA"
"TKW_13","S1","G52A","G52A",5.2,NA,6.8,3,2.3,4,"Combretum zeyheri"
"TKW_13","S1","G53","G53",4.2,NA,11.3,5.2,4,5.9,"Combretum apiculatum"
"TKW_13","S2","J29","J29",8,NA,60.5,19,20.6,14.6,"Julbernardia paniculata"
"TKW_13","S2","K33","K33",13,NA,54.4,15.5,18.7,17,"Brachystegia boehmii"
"TKW_13","S2","J47","J47",4.7,NA,8.2,3.3,5.4,4,"Diplorhynchus condylocarpon"
"TKW_13","S2","J47A","J47",4.7,NA,5.9,3.3,6.5,4,"Diplorhynchus condylocarpon"
"TKW_13","S2","J24","J24",8,NA,28.9,6.9,5.6,15.6,"Burkea africana"
"TKW_13","S3","L26","L26",5.7,NA,20.5,7,2.4,9.3,"Combretum apiculatum"
"TKW_13","S3","L44C","L44C",4.8,NA,7.3,2.4,2.1,3.8,"Diplorhynchus condylocarpon"
"TKW_13","S3","L31","L31",5.1,NA,8.9,2.1,4.8,3.4,"Diplorhynchus condylocarpon"
"TKW_13","S3","L53","L31",5.1,NA,8.1,2.1,4.8,3.4,"Diplorhynchus condylocarpon"
"TKW_13","S4","L14","L14",2.1,NA,8.5,4.3,3.5,6.4,"Pseudolachnostylis maprouneifolia"
"TKW_13","S4","L15","L15",4.3,NA,17.7,5.5,6,7.6,"Combretum apiculatum"
"TKW_13","S4","L48","L48",12.2,NA,51.9,10.9,10.4,4.5,"Julbernardia paniculata"
"TKW_13","S4","L12A","L12A",2.6,NA,6,2,2.6,3,"Margaritaria discoidea"
"TKW_13","S4","K64","K64",6.2,NA,13.1,8.9,6.3,9,"Combretum apiculatum"
"TKW_13","S4","K65","K64",6.2,NA,17.2,8.9,6.3,9,"Combretum apiculatum"
"TKW_13","S4","R19","R19",6,NA,62.2,13.5,18,14.8,"Brachystegia spiciformis"
"TKW_13","S5","J13","J13",4.3,NA,20.2,6.8,8.5,7.6,"Pseudolachnostylis maprouneifolia"
"TKW_13","S5","J11","J11",5.2,NA,16.9,5,3.6,4.6,"Pseudolachnostylis maprouneifolia"
"TKW_13","S5","J12","J11",5.2,NA,7.1,5,3.6,4.6,"Pseudolachnostylis maprouneifolia"
"TKW_13","S5","J60","J60",4.5,NA,8.5,5.2,6.3,4.2,"Diplorhynchus condylocarpon"
"TKW_13","S5","J61","J60",4.5,NA,15.2,5.2,6.3,4.2,"Diplorhynchus condylocarpon"
"TKW_13","S5","J62","J60",4.5,NA,24,5.2,6.3,4.2,"Diplorhynchus condylocarpon"
"TKW_13","S5","J58","J58",11.4,NA,72.8,18.4,20.4,19.3,"Brachystegia boehmii"
"TKW_13","S6","G66","G66",2.2,NA,7.5,2.7,1.8,3.6,"Diplorhynchus condylocarpon"
"TKW_13","S6","G64","G64",3.9,NA,6,1.4,2.5,4,"Indet indet"
"TKW_13","S6","G64A","G64",3.9,NA,6,1.4,2.5,4,"Combretum zeyheri"
"TKW_13","S6","H06","H06",4.7,NA,42.7,10.5,11.8,18.6,"Bobgunnia madagascariensis"
"TKW_13","S6","G70","G70",3,NA,8.2,3.7,2.5,4.2,"Diplorhynchus condylocarpon"
"TKW_13","S6","G74","G74",6,NA,24,4.5,5.4,8.5,"Pterocarpus angolensis"
"TKW_13","S6","G75","G74",6,NA,9.5,4.5,5.4,8.5,"Pterocarpus angolensis"
"TKW_13","S6","G76","G76",4.1,NA,13.3,3.5,4.5,3.2,"Pterocarpus angolensis"
"TKW_13","S6","G71A","G71A",3.7,NA,6.6,5.6,6.2,3,"Diplorhynchus condylocarpon"
"TKW_13","S6","G57","G57",2.5,NA,6.4,3.1,1.4,4.2,"Diplorhynchus condylocarpon"
"TKW_13","S7","G10","G10",6.8,NA,25.2,9,6.6,10.1,"Pseudolachnostylis maprouneifolia"
"TKW_13","S7","G83","G83",5.8,NA,28.4,9.5,9.4,10.4,"Pseudolachnostylis maprouneifolia"
"TKW_13","S7","G92","G92",6.4,NA,13.1,6.2,2.2,4.2,"Diplorhynchus condylocarpon"
"TKW_13","S8","J84","J84",3,NA,32,12.7,12.9,12.8,"Diospyros quiloensis"
"TKW_13","S8","J83","J84",3,NA,23.3,12.7,12.9,12.8,"Diospyros quiloensis"
"TKW_13","S8","J85","J84",3,NA,23.3,12.7,12.9,12.8,"Diospyros quiloensis"
"TKW_13","S8","J82","J82",3.4,NA,7.6,6.6,5.4,7.2,"Combretum apiculatum"
"TKW_13","S8","J74","J74",7,NA,8.1,5.3,4.2,3.6,"Diplorhynchus condylocarpon"
"TKW_13","S8","J75","J74",7,NA,9.7,5.3,4.2,3.6,"Diplorhynchus condylocarpon"
"TKW_13","S8","H97","H97",9.2,NA,20.7,8.3,7,10,"Pseudolachnostylis maprouneifolia"
"TKW_13","S8","J00","J00",11,NA,61.4,22,20.1,17.2,"Brachystegia boehmii"
"TKW_13","S8","A92","A92",5.1,NA,7.1,2.3,4,3.9,"Diplorhynchus condylocarpon"
"TKW_13","S8","H86","H86",5.3,NA,19.4,4.6,8.3,7.9,"Combretum apiculatum"
"TKW_13","S8","H85","H86",5.3,NA,10.3,4.6,8.3,7.9,"Combretum apiculatum"
"TKW_13","S9","K83","K83",6.8,NA,20.9,4.5,6.9,8.4,"Pseudolachnostylis maprouneifolia"
"TKW_13","S9","K94","K94",9.2,NA,53.4,12.3,15.6,16.3,"Julbernardia paniculata"
"TKW_13","S9","K92","K92",1.7,NA,33.7,11.7,9,12.4,"Pseudolachnostylis maprouneifolia"
"TKW_7","S1","E40","E40",2.4,NA,10.3,4.3,3.3,4,"Burkea africana"
"TKW_7","S1","E39","E40",2.4,NA,7.3,4.3,3.3,4,"Burkea africana"
"TKW_7","S1","E35A","E35A",5.1,NA,6,1.4,1.9,3.5,"Annona senegalensis"
"TKW_7","S1","E37","E37",3.2,NA,7.2,2.3,3.8,3.4,"Annona senegalensis"
"TKW_7","S2","D69","D69",4,NA,15.9,3.2,1.7,3.6,"NA NA"
"TKW_7","S2","G69","G69",4,NA,7,2.8,2.8,3.8,"Burkea africana"
"TKW_7","S2","G58","G58",4.8,NA,12.8,5.4,5.5,4.6,"Burkea africana"
"TKW_7","S2","G68","G68",7.6,NA,6.9,5.6,2.8,3.4,"Combretum apiculatum"
"TKW_7","S3","J67","J67",4,NA,17.2,7.2,5.8,5.2,"Burkea africana"
"TKW_7","S3","H75","H75",5.8,NA,9.5,5,3.3,5,"Vachellia nilotica"
"TKW_7","S4","J44","J44",1.2,NA,7.4,2.5,2.8,5.4,"Combretum apiculatum"
"TKW_7","S4","J45","J45",3.5,NA,16.7,6.4,7.2,3.8,"Burkea africana"
"TKW_7","S4","J45A","J45",3.5,NA,6.8,6.4,7.2,3.8,"Terminalia sericea"
"TKW_7","S4","J46","J46",3.7,NA,15.1,5,5.4,5.2,"Burkea africana"
"TKW_7","S4","J47","J47",5,NA,17.7,9.3,9.4,4.6,"Burkea africana"
"TKW_7","S4","J48","J47",5,NA,20,9.3,9.4,4.6,"Burkea africana"
"TKW_7","S5","G33","G33",6.8,NA,15,5.6,4.5,4.4,"Burkea africana"
"TKW_7","S5","G90A","G90A",4.2,NA,6,1.1,1.1,4.8,"Combretum sp."
"TKW_7","S6","E55","E55",2,NA,14.2,4.3,4.7,5.2,"Burkea africana"
"TKW_7","S6","E54","E54",5.3,NA,11.6,3.6,3.7,4.1,"Burkea africana"
"TKW_7","S7","E76","E76",1.1,NA,12.6,4.1,3.5,6.2,"Bauhinia petersiana"
"TKW_7","S7","E75","E76",1.1,NA,12.5,4.1,3.5,6.2,"Bauhinia petersiana"
"TKW_7","S7","E74","E74",3.6,NA,5.6,1.4,5,4.2,"Margaritaria discoidea"
"TKW_7","S8","G11","G11",1.5,NA,9.7,2.5,3,4.2,"Burkea africana"
"TKW_7","S8","H16","H16",5.2,NA,8,3.6,3.3,3.2,"Burkea africana"
"TKW_7","S8","H15","H16",5.2,NA,6.8,3.6,3.3,3.2,"Burkea africana"
"TKW_7","S8","H19","H19",2.9,NA,7.7,1.6,2.5,3,"Margaritaria discoidea"
"TKW_7","S8","G05","G05",2.4,NA,8.8,3.4,2,4.5,"Combretum apiculatum"
"TKW_7","S8","G04","G04",4.2,NA,9.9,3.8,3.5,4.4,"Burkea africana"
"TKW_7","S8","G06","G06",3.8,NA,13.3,3.1,2.3,3,"Annona senegalensis"
"TKW_7","S8","G08","G08",4.2,NA,8.8,2.2,2.3,4.6,"Burkea africana"
"TKW_7","S9","J35","J35",1.6,NA,7.6,2.6,2.6,2.6,"Burkea africana"
"TKW_7","S9","J34","J34",1.5,NA,6.7,2.4,1.2,4.8,"Combretum apiculatum"
"TKW_7","S9","J30","J30",5.5,NA,14.4,4.7,4.1,5,"Burkea africana"
"TKW_25","S1","R84","R84",1.2,NA,13.1,1.8,2.9,7,"Pseudolachnostylis maprouneifolia"
"TKW_25","S1","R85","R85",3,NA,13,2,3.5,8,"Burkea africana"
"TKW_25","S1","R55","R55",6.3,NA,15,5.5,4.1,6.1,"Pseudolachnostylis maprouneifolia"
"TKW_25","S1","R82","R82",3.5,NA,9.5,2.6,2.7,5,"Pseudolachnostylis maprouneifolia"
"TKW_25","S2","T20","T20",2.4,NA,31.8,5.3,5.1,9.8,"Pseudolachnostylis maprouneifolia"
"TKW_25","S2","T11","T11",8.2,NA,24,8.2,8.6,7.2,"Pseudolachnostylis maprouneifolia"
"TKW_25","S2","T12","T12",6.4,NA,11.1,3.1,4.2,6.4,"Pseudolachnostylis maprouneifolia"
"TKW_25","S3","U22","U22",10.1,NA,27.1,11,9.6,10,"Pseudolachnostylis maprouneifolia"
"TKW_25","S4","U38","U38",8.8,NA,15.1,14.8,13.5,14.8,"Pseudolachnostylis maprouneifolia"
"TKW_25","S4","U39","U38",8.8,NA,38.6,14.8,13.5,14.8,"Pseudolachnostylis maprouneifolia"
"TKW_25","S4","U40","U38",8.8,NA,37.4,14.8,13.5,14.8,"Pseudolachnostylis maprouneifolia"
"TKW_25","S6","S6","S6",0.8,NA,12.3,3.2,2.3,7.6,"Terminalia sericea"
"TKW_25","S6","S8","S8",2.4,NA,17.4,1.6,3.7,6,"Markhamia obtusifolia"
"TKW_25","S6","R50","R50",7.2,NA,19.2,6.4,8.3,10.2,"Burkea africana"
"TKW_25","S7","S41","S41",5.1,NA,7,3.8,4.6,8.2,"Pseudolachnostylis maprouneifolia"
"TKW_25","S7","S27","S27",2.4,NA,8.6,2.2,2.5,4.6,"Combretum apiculatum"
"TKW_25","S7","S23","S23",0.8,NA,7.1,3.2,3.4,2.8,"Bridelia scleroneura"
"TKW_25","S7","S24","S24",3.4,NA,37.8,12.2,11.6,12.8,"Bridelia scleroneura"
"TKW_25","S7","S20","S20",10.5,NA,33,5.4,8.7,15.6,"Bridelia scleroneura"
"TKW_25","S7","R13","R13",5.1,NA,11.8,2.8,4.9,8.4,"Burkea africana"
"TKW_25","S8","S98","S98",4.8,NA,17.3,4,4.2,10.8,"Bridelia scleroneura"
"TKW_25","S8","T00","S98",4.8,NA,16.2,4,4.2,10.8,"Bridelia scleroneura"
"TKW_25","S8","S96","S96",6.4,NA,7.8,2.5,1.9,9.7,"Markhamia obtusifolia"
"TKW_25","S8","S97","S96",6.4,NA,18.7,2.5,1.9,9.7,"Markhamia obtusifolia"
"TKW_25","S9","G90A","G90A",6.4,NA,20.3,5.6,5.5,10.4,"NA NA"
"TKW_25","S9","T95","T95",6.3,NA,11.3,2.2,3.4,10.4,"Markhamia obtusifolia"
